video_id	categoryId	channelId	channelTitle	video_title	description	publishedAt	tags	commentCount	favoriteCount	likeCount	dislikeCount	viewCount
v,O,F,a,0,Y,H,S,w,x,4,	,2,4,	,U,C,n,O,V,V,u,o,L,J,_,1,Y,Y,8,A,0,V,8,0,2,w,H,A,	,R,o,m,a,n,A,t,w,o,o,d,	,C,a,r, ,C,r,a,s,h, ,P,r,a,n,k,!,!,	,H,U,G,E, ,T,h,a,n,k,s, ,t,o, ,m,y, ,p,a,r,t,n,e,r,s, ,S,c,o,t,t, ,T,u,b,e,-,F,r,e,e, ,f,o,r, ,s,h,o,w,i,n,g, ,h,o,w, ,t,h,e, ,t,o,i,l,e,t, ,p,a,p,e,r, ,t,u,b,e,s, ,w,e, ,u,s,e, ,h,a,v,e, ,a, ,b,i,g, ,i,m,p,a,c,t, ,o,n, ,t,h,e, ,e,n,v,i,r,o,n,m,e,n,t,.,"
",C,h,e,c,k, ,t,h,i,s, ,o,u,t,!,!,!, ,-, ,h,t,t,p,:,/,/,b,i,t,.,l,y,/,1,N,v,I,8,n,b, ,#,T,o,s,s,t,h,e,t,u,b,e,"
","
",B,E,H,I,N,D, ,T,H,E, ,S,C,E,N,E,S, ,-, ,h,t,t,p,s,:,/,/,y,o,u,t,u,.,b,e,/,3,G,6,V,w,P,P,Z,t,v,0,"
","
",T,h,i,s, ,w,a,s, ,a, ,f,u,n, ,p,r,a,n,k, ,t,o, ,p,u,l,l, ,o,n, ,s,o,m,e, ,o,f, ,m,y, ,c,l,o,s,e, ,f,r,i,e,n,d,s,., ,W,r,e,c,k,i,n,g, ,a, ,n,e,w, ,i,8, ,w,a,s, ,a, ,l,i,t,t,l,e, ,p,a,i,n,f,u,l, ,b,u,t, ,d,e,f,i,n,i,t,e,l,y, ,a, ,b,l,a,s,t,., ,T,h,a,n,k,s, ,f,o,r, ,a,l,l, ,t,h,e, ,l,o,v,e, ,o,n, ,t,h,i,s, ,s,t,u,f,f,., ,S,e,e, ,y,o,u, ,s,o,o,n,!, , ,"
","
",h,t,t,p,:,/,/,w,w,w,.,f,a,c,e,b,o,o,k,.,c,o,m,/,R,o,m,a,n,A,t,w,o,o,d,"
",h,t,t,p,:,/,/,w,w,w,.,T,w,i,t,t,e,r,.,c,o,m,/,R,o,m,a,n,A,t,w,o,o,d,"
",I,n,s,t,a,g,r,a,m, ,-, ,R,o,m,a,n,A,t,w,o,o,d,"
",M,o,r,e, ,P,r,a,n,k,s, ,H,e,r,e, ,-, ,h,t,t,p,:,/,/,w,w,w,.,y,o,u,t,u,b,e,.,c,o,m,/,R,o,m,a,n,A,t,w,o,o,d,"
","
",S,m,i,l,e, ,M,o,r,e, ,S,t,o,r,e,-, ,h,t,t,p,:,/,/,w,w,w,.,R,o,m,a,n,A,t,w,o,o,d,.,c,o,m,"
","
",T,h,a,n,k,s, ,s,o, ,m,u,c,h, ,f,o,r, ,w,a,t,c,h,i,n,g,.,P,l,e,a,s,e, ,h,e,l,p, ,u,s, ,o,u,t, ,b,y, ,s,h,a,r,i,n,g, ,w,i,t,h, ,s,o,m,e, ,f,r,i,e,n,d,s,!, ,L,o,v,e, ,y,o,u, ,g,u,y,s,!,	,2,0,1,6,-,0,4,-,1,7,T,2,2,:,0,7,:,2,4,.,0,0,0,Z,	,	,2,2,3,3,1,	,0,	,3,7,2,5,0,5,	,1,2,8,0,1,	,1,1,4,6,3,2,9,0
Z,k,x,M,q,U,P,7,0,D,s,	,2,4,	,U,C,n,O,V,V,u,o,L,J,_,1,Y,Y,8,A,0,V,8,0,2,w,H,A,	,R,o,m,a,n,A,t,w,o,o,d,	,S,P,R,A,Y,I,N,G, ,S,K,U,N,K, ,P,R,A,N,K,!,!,	,B,E,H,I,N,D, ,T,H,E, ,S,C,E,N,E,S, ,-, ,h,t,t,p,s,:,/,/,y,o,u,t,u,.,b,e,/,K,J,o,2,o,l,N,q,n,r,Q,"
","
",N,a,t,u,r,a,l, ,B,o,r,n, ,P,r,a,n,k,s,t,e,r,s, ,M,o,v,i,e, ,O,n, ,S,a,l,e, ,N,o,w,!,"
",U,S,:, ,h,t,t,p,:,/,/,a,p,p,l,e,.,c,o,/,1,U,J,V,w,K,H, ,"
",I,n,t,e,r,n,a,t,i,o,n,a,l,:, ,h,t,t,p,:,/,/,a,p,p,l,e,.,c,o,/,1,W,Y,Q,A,A,J,"
","
",B,a,c,k, ,t,o, ,t,h,e, ,b,a,s,i,c,s, ,m,y, ,f,r,i,e,n,d,s, ,:,), ,h,o,p,e, ,y,o,u, ,e,n,j,o,y,e,d, ,s,o,m,e,t,h,i,n,g, ,o,n, ,t,h,e, ,s,t,r,e,e,t,s, ,t,h,a,t, ,w,a,s,n,',t, ,s,o, ,c,r,a,z,y,., ,T,h,a,n,k,s, ,f,o,r, ,a,l,l, ,t,h,e, ,s,u,p,p,o,r,t,., ,T,h,r,o,w, ,t,h,i,s, ,s,o,m,e, ,l,o,v,e, ,i,f, ,y,o,u, ,w,a,n,t, ,s,o,m,e, ,m,o,r,e, ,c,l,a,s,s,i,c,s,., ,"
","
",C,h,e,c,k, ,o,u,t, ,D,e,n,n,i,s, ,-,H,o,w, ,T,o, ,P,r,a,n,k, ,C,h,a,n,n,e,l, ,-, ,h,t,t,p,s,:,/,/,w,w,w,.,y,o,u,t,u,b,e,.,c,o,m,/,u,s,e,r,/,h,o,w,t,o,p,r,a,.,.,.,"
","
","
",h,t,t,p,:,/,/,w,w,w,.,f,a,c,e,b,o,o,k,.,c,o,m,/,R,o,m,a,n,A,t,w,o,o,d,"
",h,t,t,p,:,/,/,w,w,w,.,T,w,i,t,t,e,r,.,c,o,m,/,R,o,m,a,n,A,t,w,o,o,d,"
",I,n,s,t,a,g,r,a,m, ,-, ,R,o,m,a,n,A,t,w,o,o,d,"
",M,o,r,e, ,P,r,a,n,k,s, ,H,e,r,e, ,-, ,h,t,t,p,:,/,/,w,w,w,.,y,o,u,t,u,b,e,.,c,o,m,/,R,o,m,a,n,A,t,w,o,o,d,"
","
",S,m,i,l,e, ,M,o,r,e, ,S,t,o,r,e,-, ,h,t,t,p,:,/,/,w,w,w,.,R,o,m,a,n,A,t,w,o,o,d,.,c,o,m,"
","
",T,h,a,n,k,s, ,s,o, ,m,u,c,h, ,f,o,r, ,w,a,t,c,h,i,n,g,.,P,l,e,a,s,e, ,h,e,l,p, ,u,s, ,o,u,t, ,b,y, ,s,h,a,r,i,n,g, ,w,i,t,h, ,s,o,m,e, ,f,r,i,e,n,d,s,!, ,L,o,v,e, ,y,o,u, ,g,u,y,s,!,	,2,0,1,6,-,0,3,-,2,0,T,1,9,:,5,3,:,4,9,.,0,0,0,Z,	,	,7,7,9,1,	,0,	,1,8,9,1,1,0,	,6,9,0,7,	,4,7,8,8,3,7,4
2,d,m,q,s,Y,3,_,1,u,k,	,2,4,	,U,C,n,O,V,V,u,o,L,J,_,1,Y,Y,8,A,0,V,8,0,2,w,H,A,	,R,o,m,a,n,A,t,w,o,o,d,	,O,F,F,I,C,I,A,L, ,N,a,t,u,r,a,l, ,B,o,r,n, ,P,r,a,n,k,s,t,e,r,s, ,M,O,V,I,E, ,T,R,A,I,L,E,R,!,!,	,N,a,t,u,r,a,l, ,B,o,r,n, ,P,r,a,n,k,s,t,e,r,s, ,M,o,v,i,e, ,O,n, ,S,a,l,e, ,N,o,w,!,"
",U,S,:, ,h,t,t,p,:,/,/,a,p,p,l,e,.,c,o,/,1,U,J,V,w,K,H, ,"
",I,n,t,e,r,n,a,t,i,o,n,a,l,:, ,h,t,t,p,:,/,/,a,p,p,l,e,.,c,o,/,1,W,Y,Q,A,A,J,"
","
",G,e,t, ,N,a,t,u,r,a,l, ,B,o,r,n, ,P,r,a,n,k,s,t,e,r,s, ,t,o,u,r, ,s,c,h,e,d,u,l,e,",", ,m,o,v,i,e, ,u,p,d,a,t,e,s, ,&, ,m,e,r,c,h,a,n,d,i,s,e, ,a,t, ,h,t,t,p,:,/,/,n,a,t,u,r,a,l,b,o,r,n,p,r,a,n,k,s,t,e,r,s,.,c,o,m,"
","
",*,*,W,a,t,c,h, ,t,h,e, ,m,a,k,i,n,g, ,o,f, ,t,h,e, ,m,o,v,i,e, ,h,e,r,e, ,-, ,h,t,t,p,:,/,/,b,i,t,.,l,y,/,1,R,5,x,w,1,Q,"
","
",h,t,t,p,:,/,/,w,w,w,.,f,a,c,e,b,o,o,k,.,c,o,m,/,R,o,m,a,n,A,t,w,o,o,d,"
",h,t,t,p,:,/,/,w,w,w,.,T,w,i,t,t,e,r,.,c,o,m,/,R,o,m,a,n,A,t,w,o,o,d,"
",I,n,s,t,a,g,r,a,m, ,-, ,R,o,m,a,n,A,t,w,o,o,d,"
",M,o,r,e, ,P,r,a,n,k,s, ,H,e,r,e, ,-, ,h,t,t,p,:,/,/,w,w,w,.,y,o,u,t,u,b,e,.,c,o,m,/,R,o,m,a,n,A,t,w,o,o,d,"
","
",S,m,i,l,e, ,M,o,r,e, ,S,t,o,r,e,-, ,h,t,t,p,:,/,/,w,w,w,.,R,o,m,a,n,A,t,w,o,o,d,.,c,o,m,"
","
",T,h,a,n,k,s, ,s,o, ,m,u,c,h, ,f,o,r, ,w,a,t,c,h,i,n,g,.,P,l,e,a,s,e, ,h,e,l,p, ,u,s, ,o,u,t, ,b,y, ,s,h,a,r,i,n,g, ,w,i,t,h, ,s,o,m,e, ,f,r,i,e,n,d,s,!, ,L,o,v,e, ,y,o,u, ,g,u,y,s,!,	,2,0,1,6,-,0,2,-,1,6,T,0,4,:,2,9,:,2,5,.,0,0,0,Z,	,	,2,3,1,3,2,	,0,	,2,4,9,2,8,2,	,1,4,6,5,8,	,5,6,6,3,7,7,9
N,A,D,R,u,9,M,a,H,O,o,	,2,4,	,U,C,n,O,V,V,u,o,L,J,_,1,Y,Y,8,A,0,V,8,0,2,w,H,A,	,R,o,m,a,n,A,t,w,o,o,d,	,I,N,D,O,O,R, ,S,N,O,W,S,T,O,R,M, ,P,R,A,N,K,!,!,	,B,E,H,I,N,D, ,T,H,E, ,S,C,E,N,E,S, ,-, ,h,t,t,p,s,:,/,/,y,o,u,t,u,.,b,e,/,F,3,l,R,n,y,Q,8,N,p,A,"
",A,f,t,e,r, ,m,o,n,t,h,s, ,o,f, ,p,l,a,n,n,i,n,g, ,w,e, ,f,i,n,a,l,l,y, ,f,i,g,u,r,e,d, ,o,u,t, ,h,o,w, ,t,o, ,f,i,l,l, ,m,y, ,h,o,u,s,e, ,w,i,t,h, ,a, ,m,i,x,t,u,r,e, ,o,f, ,h,o,l,l,y,w,o,o,d, ,s,n,o,w, ,a,n,d, ,r,e,a,l, ,s,n,o,w, ,f,r,o,m, ,o,u,t,s,i,d,e,., ,I, ,w,a,n,t,e,d, ,t,o, ,g,i,v,e, ,m,y, ,k,i,d,s, ,a, ,m,o,r,n,i,n,g, ,t,h,e,y, ,w,o,u,l,d, ,n,e,v,e,r, ,f,o,r,g,e,t,:,), ,T,h,a,n,k,s, ,s,o, ,m,u,c,h, ,f,o,r, ,t,h,e, ,l,o,v,e,",", ,t,h,e, ,s,h,a,r,e,s, ,a,n,d, ,t,h,e, ,s,u,p,p,o,r,t,., ,S,m,i,l,e, ,M,o,r,e,"
","
","
",h,t,t,p,:,/,/,w,w,w,.,f,a,c,e,b,o,o,k,.,c,o,m,/,R,o,m,a,n,A,t,w,o,o,d,"
",h,t,t,p,:,/,/,w,w,w,.,T,w,i,t,t,e,r,.,c,o,m,/,R,o,m,a,n,A,t,w,o,o,d,"
",I,n,s,t,a,g,r,a,m, ,-, ,R,o,m,a,n,A,t,w,o,o,d,"
",M,o,r,e, ,P,r,a,n,k,s, ,H,e,r,e, ,-, ,h,t,t,p,:,/,/,w,w,w,.,y,o,u,t,u,b,e,.,c,o,m,/,R,o,m,a,n,A,t,w,o,o,d,"
","
",S,m,i,l,e, ,M,o,r,e, ,S,t,o,r,e,-, ,h,t,t,p,:,/,/,w,w,w,.,R,o,m,a,n,A,t,w,o,o,d,.,c,o,m,"
","
",T,h,a,n,k,s, ,s,o, ,m,u,c,h, ,f,o,r, ,w,a,t,c,h,i,n,g,.,P,l,e,a,s,e, ,h,e,l,p, ,u,s, ,o,u,t, ,b,y, ,s,h,a,r,i,n,g, ,w,i,t,h, ,s,o,m,e, ,f,r,i,e,n,d,s,!, ,L,o,v,e, ,y,o,u, ,g,u,y,s,!,	,2,0,1,6,-,0,2,-,1,4,T,2,0,:,5,7,:,1,7,.,0,0,0,Z,	,	,2,6,1,0,3,	,0,	,4,4,2,0,5,5,	,1,0,7,9,9,	,1,0,5,5,0,2,5,8
9,2,a,g,C,K,H,p,M,q,w,	,2,4,	,U,C,n,O,V,V,u,o,L,J,_,1,Y,Y,8,A,0,V,8,0,2,w,H,A,	,R,o,m,a,n,A,t,w,o,o,d,	,B,l,o,w,i,n,g, ,U,p, ,M,y, ,K,i,d, ,P,R,A,N,K,!,!,	,*,*,B,E,H,I,N,D, ,T,H,E, ,S,C,E,N,E,S,*,*,"
",h,t,t,p,s,:,/,/,w,w,w,.,y,o,u,t,u,b,e,.,c,o,m,/,u,s,e,r,/,R,o,m,a,n,A,t,w,o,o,d,V,l,o,g,s,"
","
",h,t,t,p,:,/,/,w,w,w,.,T,w,i,t,t,e,r,.,c,o,m,/,R,o,m,a,n,A,t,w,o,o,d,"
",I,n,s,t,a,g,r,a,m, ,-, ,R,o,m,a,n,A,t,w,o,o,d,"
","
",M,o,r,e, ,P,r,a,n,k,s, ,H,e,r,e, ,-, ,h,t,t,p,:,/,/,w,w,w,.,y,o,u,t,u,b,e,.,c,o,m,/,R,o,m,a,n,A,t,w,o,o,d,"
","
",S,m,i,l,e, ,M,o,r,e, ,S,t,o,r,e,-, ,h,t,t,p,:,/,/,w,w,w,.,R,o,m,a,n,A,t,w,o,o,d,.,c,o,m,"
","
",T,h,a,n,k,s, ,s,o, ,m,u,c,h, ,f,o,r, ,w,a,t,c,h,i,n,g,.,P,l,e,a,s,e, ,h,e,l,p, ,u,s, ,o,u,t, ,b,y, ,s,h,a,r,i,n,g, ,w,i,t,h, ,s,o,m,e, ,f,r,i,e,n,d,s,!, ,L,o,v,e, ,y,o,u, ,g,u,y,s,!,	,2,0,1,5,-,1,0,-,1,1,T,1,7,:,3,5,:,0,3,.,0,0,0,Z,	,	,6,0,2,6,0,	,0,	,8,4,3,3,7,9,	,4,2,8,3,8,	,3,7,0,5,9,8,8,1
W,X,P,S,G,p,-,j,L,C,0,	,2,4,	,U,C,n,O,V,V,u,o,L,J,_,1,Y,Y,8,A,0,V,8,0,2,w,H,A,	,R,o,m,a,n,A,t,w,o,o,d,	,C,r,a,z,y, ,P,u,b,l,i,c, ,P,a,i,n,t,b,a,l,l, ,P,r,a,n,k,!,!,	,B,E,H,I,N,D, ,T,H,E, ,S,C,E,N,E,S, ,-, ,h,t,t,p,s,:,/,/,y,o,u,t,u,.,b,e,/,N,u,a,Y,d,2,0,j,S,e,M,"
","
",h,t,t,p,:,/,/,w,w,w,.,T,w,i,t,t,e,r,.,c,o,m,/,R,o,m,a,n,A,t,w,o,o,d,"
",I,n,s,t,a,g,r,a,m, ,-, ,R,o,m,a,n,A,t,w,o,o,d,"
","
",M,o,r,e, ,P,r,a,n,k,s, ,H,e,r,e, ,-, ,h,t,t,p,:,/,/,w,w,w,.,y,o,u,t,u,b,e,.,c,o,m,/,R,o,m,a,n,A,t,w,o,o,d,"
","
",S,m,i,l,e, ,M,o,r,e, ,S,t,o,r,e,-, ,h,t,t,p,:,/,/,w,w,w,.,R,o,m,a,n,A,t,w,o,o,d,.,c,o,m,"
","
",T,h,a,n,k,s, ,s,o, ,m,u,c,h, ,f,o,r, ,w,a,t,c,h,i,n,g,.,P,l,e,a,s,e, ,h,e,l,p, ,u,s, ,o,u,t, ,b,y, ,s,h,a,r,i,n,g, ,w,i,t,h, ,s,o,m,e, ,f,r,i,e,n,d,s,!, ,L,o,v,e, ,y,o,u, ,g,u,y,s,!,	,2,0,1,5,-,0,7,-,1,9,T,1,9,:,2,4,:,4,8,.,0,0,0,Z,	,	,1,5,6,7,7,	,0,	,3,8,6,5,5,1,	,1,3,5,4,4,	,1,8,8,4,9,6,7,4
d,F,O,k,s,q,P,E,_,B,g,	,2,4,	,U,C,n,O,V,V,u,o,L,J,_,1,Y,Y,8,A,0,V,8,0,2,w,H,A,	,R,o,m,a,n,A,t,w,o,o,d,	,C,r,a,z,y, ,S,E,X, ,T,A,P,E, ,P,r,a,n,k,!,!,	,B,E,H,I,N,D, ,T,H,E, ,S,C,E,N,E,S, ,-, ,h,t,t,p,s,:,/,/,y,o,u,t,u,.,b,e,/,6,G,x,a,p,_,f,i,L,0,0,"
","
",h,t,t,p,:,/,/,w,w,w,.,T,w,i,t,t,e,r,.,c,o,m,/,R,o,m,a,n,A,t,w,o,o,d,"
",I,n,s,t,a,g,r,a,m, ,-, ,R,o,m,a,n,A,t,w,o,o,d,"
","
",M,o,r,e, ,P,r,a,n,k,s, ,H,e,r,e, ,-, ,h,t,t,p,:,/,/,w,w,w,.,y,o,u,t,u,b,e,.,c,o,m,/,R,o,m,a,n,A,t,w,o,o,d,"
","
",S,m,i,l,e, ,M,o,r,e, ,S,t,o,r,e,-, ,h,t,t,p,:,/,/,w,w,w,.,R,o,m,a,n,A,t,w,o,o,d,.,c,o,m,"
","
",T,h,a,n,k,s, ,s,o, ,m,u,c,h, ,f,o,r, ,w,a,t,c,h,i,n,g,.,P,l,e,a,s,e, ,h,e,l,p, ,u,s, ,o,u,t, ,b,y, ,s,h,a,r,i,n,g, ,w,i,t,h, ,s,o,m,e, ,f,r,i,e,n,d,s,!, ,L,o,v,e, ,y,o,u, ,g,u,y,s,!,	,2,0,1,5,-,0,6,-,2,1,T,2,0,:,0,9,:,3,6,.,0,0,0,Z,	,	,1,7,9,9,9,	,0,	,3,8,7,3,9,0,	,6,8,9,3,	,1,8,6,1,0,9,8,8
e,l,a,o,O,C,w,o,q,P,s,	,2,4,	,U,C,n,O,V,V,u,o,L,J,_,1,Y,Y,8,A,0,V,8,0,2,w,H,A,	,R,o,m,a,n,A,t,w,o,o,d,	,C,a,r, ,B,o,m,b, ,P,r,a,n,k,!,!,	,B,E,H,I,N,D, ,T,H,E, ,S,C,E,N,E,S, ,-, ,h,t,t,p,s,:,/,/,y,o,u,t,u,.,b,e,/,p,3,N,H,n,z,Q,d,3,b,k,"
","
",h,t,t,p,:,/,/,w,w,w,.,T,w,i,t,t,e,r,.,c,o,m,/,R,o,m,a,n,A,t,w,o,o,d,"
",I,n,s,t,a,g,r,a,m, ,-, ,R,o,m,a,n,A,t,w,o,o,d,"
","
",M,o,r,e, ,P,r,a,n,k,s, ,H,e,r,e, ,-, ,h,t,t,p,:,/,/,w,w,w,.,y,o,u,t,u,b,e,.,c,o,m,/,R,o,m,a,n,A,t,w,o,o,d,"
","
",S,m,i,l,e, ,M,o,r,e, ,S,t,o,r,e,-, ,h,t,t,p,:,/,/,w,w,w,.,R,o,m,a,n,A,t,w,o,o,d,.,c,o,m,"
","
",T,h,a,n,k,s, ,s,o, ,m,u,c,h, ,f,o,r, ,w,a,t,c,h,i,n,g,.,P,l,e,a,s,e, ,h,e,l,p, ,u,s, ,o,u,t, ,b,y, ,s,h,a,r,i,n,g, ,w,i,t,h, ,s,o,m,e, ,f,r,i,e,n,d,s,!, ,L,o,v,e, ,y,o,u, ,g,u,y,s,!,	,2,0,1,5,-,0,5,-,1,7,T,1,6,:,2,4,:,1,3,.,0,0,0,Z,	,	,1,9,0,4,4,	,0,	,5,2,0,9,1,4,	,9,4,2,2,	,1,6,2,1,3,9,9,5
_,z,m,x,p,X,e,j,M,N,s,	,2,4,	,U,C,n,O,V,V,u,o,L,J,_,1,Y,Y,8,A,0,V,8,0,2,w,H,A,	,R,o,m,a,n,A,t,w,o,o,d,	,G,r,a,n,d,m,a, ,G,e,t,s, ,A,r,r,e,s,t,e,d, ,P,R,A,N,K,!,!,	,B,E,H,I,N,D, ,T,H,E, ,S,C,E,N,E,S, ,-, ,h,t,t,p,s,:,/,/,y,o,u,t,u,.,b,e,/,j,6,s,R,l,Q,Y,J,Y,N,4,"
","
",h,t,t,p,:,/,/,w,w,w,.,T,w,i,t,t,e,r,.,c,o,m,/,R,o,m,a,n,A,t,w,o,o,d,"
",I,n,s,t,a,g,r,a,m, ,-, ,R,o,m,a,n,A,t,w,o,o,d,"
","
",H,u,g,e, ,t,h,a,n,k,s, ,t,o, ,A,l,e,x, ,M,a,n,d,e,l, ,-, ,h,t,t,p,s,:,/,/,w,w,w,.,y,o,u,t,u,b,e,.,c,o,m,/,u,s,e,r,/,A,l,e,x,M,a,n,d,e,l,V,l,o,g,"
","
",M,o,r,e, ,P,r,a,n,k,s, ,H,e,r,e, ,-, ,h,t,t,p,:,/,/,w,w,w,.,y,o,u,t,u,b,e,.,c,o,m,/,R,o,m,a,n,A,t,w,o,o,d,"
","
",S,m,i,l,e, ,M,o,r,e, ,S,t,o,r,e,-, ,h,t,t,p,:,/,/,w,w,w,.,R,o,m,a,n,A,t,w,o,o,d,.,c,o,m,"
","
",T,h,a,n,k,s, ,s,o, ,m,u,c,h, ,f,o,r, ,w,a,t,c,h,i,n,g,.,P,l,e,a,s,e, ,h,e,l,p, ,u,s, ,o,u,t, ,b,y, ,s,h,a,r,i,n,g, ,w,i,t,h, ,s,o,m,e, ,f,r,i,e,n,d,s,!, ,L,o,v,e, ,y,o,u, ,g,u,y,s,!,	,2,0,1,5,-,0,4,-,2,7,T,1,9,:,4,4,:,2,3,.,0,0,0,Z,	,	,8,4,7,7,	,0,	,3,0,0,2,4,0,	,6,6,1,8,	,1,2,1,5,8,6,3,7
O,Z,S,c,q,c,K,F,K,_,E,	,2,4,	,U,C,n,O,V,V,u,o,L,J,_,1,Y,Y,8,A,0,V,8,0,2,w,H,A,	,R,o,m,a,n,A,t,w,o,o,d,	,I,N,S,A,N,E, ,T,o,i,l,e,t, ,P,a,p,e,r, ,P,R,A,N,K,!,!,	,B,E,H,I,N,D, ,T,H,E, ,S,C,E,N,E,S, ,-, ,h,t,t,p,s,:,/,/,y,o,u,t,u,.,b,e,/,t,W,P,W,G,d,b,n,P,6,E,"
","
",h,t,t,p,:,/,/,w,w,w,.,T,w,i,t,t,e,r,.,c,o,m,/,R,o,m,a,n,A,t,w,o,o,d,"
",I,n,s,t,a,g,r,a,m, ,-, ,R,o,m,a,n,A,t,w,o,o,d,"
","
",B,I,G, ,s,h,o,u,t, ,t,o, ,H,o,w,i,e, ,f,o,r, ,b,e,i,n,g, ,s,u,c,h, ,a, ,g,r,e,a,t, ,s,p,o,r,t,., ,G,o, ,s,a,y, ,H,i, ,t,o, ,h,i,m,!,"
",h,t,t,p,s,:,/,/,t,w,i,t,t,e,r,.,c,o,m,/,h,o,w,i,e,m,a,n,d,e,l,"
","
",H,u,g,e, ,t,h,a,n,k,s, ,t,o, ,A,l,e,x, ,M,a,n,d,e,l, ,-, ,h,t,t,p,s,:,/,/,w,w,w,.,y,o,u,t,u,b,e,.,c,o,m,/,u,s,e,r,/,A,l,e,x,M,a,n,d,e,l,V,l,o,g,"
","
",B,i,g, ,t,h,a,n,k,s, ,t,o, ,e,v,e,r,y,o,n,e, ,t,h,a,t, ,c,a,m,e, ,o,u,t, ,a,n,d, ,h,e,l,p,e,d, ,t,h,r,o,w, ,o,u,r, ,a,r,m,s, ,o,u,t, ,f,o,r, ,t,h,i,s, ,v,i,d,e,o, ,:,), ,"
","
","
","
",M,o,r,e, ,P,r,a,n,k,s, ,H,e,r,e, ,-, ,h,t,t,p,:,/,/,w,w,w,.,y,o,u,t,u,b,e,.,c,o,m,/,R,o,m,a,n,A,t,w,o,o,d,"
","
",S,m,i,l,e, ,M,o,r,e, ,S,t,o,r,e,-, ,h,t,t,p,:,/,/,w,w,w,.,R,o,m,a,n,A,t,w,o,o,d,.,c,o,m,"
","
",T,h,a,n,k,s, ,s,o, ,m,u,c,h, ,f,o,r, ,w,a,t,c,h,i,n,g,.,P,l,e,a,s,e, ,h,e,l,p, ,u,s, ,o,u,t, ,b,y, ,s,h,a,r,i,n,g, ,w,i,t,h, ,s,o,m,e, ,f,r,i,e,n,d,s,!, ,L,o,v,e, ,y,o,u, ,g,u,y,s,!,	,2,0,1,5,-,0,3,-,1,5,T,1,6,:,3,2,:,0,3,.,0,0,0,Z,	,	,1,8,8,4,9,	,0,	,4,1,9,8,5,3,	,2,5,2,0,1,	,1,8,0,9,5,7,5,1
7,t,0,E,t,K,l,Q,x,y,o,	,2,4,	,U,C,n,O,V,V,u,o,L,J,_,1,Y,Y,8,A,0,V,8,0,2,w,H,A,	,R,o,m,a,n,A,t,w,o,o,d,	,C,r,a,z,y, ,P,l,a,s,t,i,c, ,B,a,l,l, ,P,R,A,N,K,!,!,	,B,E,H,I,N,D, ,T,H,E, ,S,C,E,N,E,S, ,-, ,h,t,t,p,:,/,/,y,o,u,t,u,.,b,e,/,K,j,_,3,J,o,k,X,Z,B,g,"
",h,t,t,p,:,/,/,w,w,w,.,f,a,c,e,b,o,o,k,.,c,o,m,/,R,o,m,a,n,A,t,w,o,o,d,"
",h,t,t,p,:,/,/,w,w,w,.,T,w,i,t,t,e,r,.,c,o,m,/,R,o,m,a,n,A,t,w,o,o,d,"
",I,n,s,t,a,g,r,a,m, ,-, ,R,o,m,a,n,A,t,w,o,o,d,"
",M,o,r,e, ,P,r,a,n,k,s, ,H,e,r,e, ,-, ,h,t,t,p,:,/,/,w,w,w,.,y,o,u,t,u,b,e,.,c,o,m,/,R,o,m,a,n,A,t,w,o,o,d,"
","
",S,m,i,l,e, ,M,o,r,e, ,S,t,o,r,e,-, ,h,t,t,p,:,/,/,w,w,w,.,R,o,m,a,n,A,t,w,o,o,d,.,c,o,m,"
","
",T,h,a,n,k,s, ,s,o, ,m,u,c,h, ,f,o,r, ,w,a,t,c,h,i,n,g,.,P,l,e,a,s,e, ,h,e,l,p, ,u,s, ,o,u,t, ,b,y, ,s,h,a,r,i,n,g, ,w,i,t,h, ,s,o,m,e, ,f,r,i,e,n,d,s,!, ,L,o,v,e, ,y,o,u, ,g,u,y,s,!,	,2,0,1,5,-,0,1,-,1,8,T,1,8,:,0,1,:,2,4,.,0,0,0,Z,	,	,4,1,3,7,1,	,0,	,9,3,9,6,2,9,	,1,9,6,9,3,	,8,0,2,7,4,1,6,1
P,J,r,X,W,9,y,e,J,y,0,	,2,4,	,U,C,n,O,V,V,u,o,L,J,_,1,Y,Y,8,A,0,V,8,0,2,w,H,A,	,R,o,m,a,n,A,t,w,o,o,d,	,B,E,S,T, ,O,F, ,R,o,m,a,n,A,t,w,o,o,d, ,P,R,A,N,K,S,!,!, ,2,0,1,4, ,+,	,S,o,m,e, ,o,f, ,m,y, ,f,a,v,o,r,i,t,e, ,m,o,m,e,n,t,s, ,f,r,o,m, ,2,0,1,4, ,a,n,d, ,M,o,r,e,., ,"
",D,A,I,L,Y, ,U,P,L,O,A,D,S, ,H,E,R,E, ,-, ,h,t,t,p,s,:,/,/,w,w,w,.,y,o,u,t,u,b,e,.,c,o,m,/,u,s,e,r,/,R,o,m,a,n,A,t,w,o,o,d,V,l,o,g,s,"
",M,O,R,E, ,P,R,A,N,K,S, ,H,E,R,E, ,-, ,h,t,t,p,s,:,/,/,w,w,w,.,y,o,u,t,u,b,e,.,c,o,m,/,u,s,e,r,/,R,o,m,a,n,A,t,w,o,o,d,?,f,e,a,t,u,r,e,=,m,h,e,e,"
","
",h,t,t,p,:,/,/,w,w,w,.,f,a,c,e,b,o,o,k,.,c,o,m,/,R,o,m,a,n,A,t,w,o,o,d,"
",h,t,t,p,:,/,/,w,w,w,.,T,w,i,t,t,e,r,.,c,o,m,/,R,o,m,a,n,A,t,w,o,o,d,"
",I,n,s,t,a,g,r,a,m, ,-, ,R,o,m,a,n,A,t,w,o,o,d,"
",M,o,r,e, ,P,r,a,n,k,s, ,H,e,r,e, ,-, ,h,t,t,p,:,/,/,w,w,w,.,y,o,u,t,u,b,e,.,c,o,m,/,R,o,m,a,n,A,t,w,o,o,d,"
","
",S,m,i,l,e, ,M,o,r,e, ,S,t,o,r,e,-, ,h,t,t,p,:,/,/,w,w,w,.,R,o,m,a,n,A,t,w,o,o,d,.,c,o,m,"
","
",T,h,a,n,k,s, ,s,o, ,m,u,c,h, ,f,o,r, ,w,a,t,c,h,i,n,g,.,P,l,e,a,s,e, ,h,e,l,p, ,u,s, ,o,u,t, ,b,y, ,s,h,a,r,i,n,g, ,w,i,t,h, ,s,o,m,e, ,f,r,i,e,n,d,s,!, ,L,o,v,e, ,y,o,u, ,g,u,y,s,!,	,2,0,1,4,-,1,2,-,2,8,T,1,9,:,3,3,:,2,7,.,0,0,0,Z,	,	,7,7,1,0,	,0,	,2,2,5,5,7,1,	,5,6,5,0,	,1,8,5,8,8,6,3,3
z,7,H,x,i,M,W,V,L,4,g,	,2,4,	,U,C,n,O,V,V,u,o,L,J,_,1,Y,Y,8,A,0,V,8,0,2,w,H,A,	,R,o,m,a,n,A,t,w,o,o,d,	,K,i,l,l,i,n,g, ,M,y, ,O,w,n, ,K,i,d, ,P,R,A,N,K,!,!,	,*,*,B,e,h,i,n,d, ,T,h,e, ,S,c,e,n,e,s, ,-, ,h,t,t,p,:,/,/,y,o,u,t,u,.,b,e,/,i,0,6,6,O,G,6,W,g,r,o,"
",h,t,t,p,:,/,/,w,w,w,.,f,a,c,e,b,o,o,k,.,c,o,m,/,R,o,m,a,n,A,t,w,o,o,d,"
",h,t,t,p,:,/,/,w,w,w,.,T,w,i,t,t,e,r,.,c,o,m,/,R,o,m,a,n,A,t,w,o,o,d,"
",I,n,s,t,a,g,r,a,m, ,-, ,R,o,m,a,n,A,t,w,o,o,d,"
",M,o,r,e, ,P,r,a,n,k,s, ,H,e,r,e, ,-, ,h,t,t,p,:,/,/,w,w,w,.,y,o,u,t,u,b,e,.,c,o,m,/,R,o,m,a,n,A,t,w,o,o,d,"
","
",S,m,i,l,e, ,M,o,r,e, ,S,t,o,r,e,-, ,h,t,t,p,:,/,/,w,w,w,.,R,o,m,a,n,A,t,w,o,o,d,.,c,o,m,"
","
",T,h,a,n,k,s, ,s,o, ,m,u,c,h, ,f,o,r, ,w,a,t,c,h,i,n,g,.,P,l,e,a,s,e, ,h,e,l,p, ,u,s, ,o,u,t, ,b,y, ,s,h,a,r,i,n,g, ,w,i,t,h, ,s,o,m,e, ,f,r,i,e,n,d,s,!, ,L,o,v,e, ,y,o,u, ,g,u,y,s,!,	,2,0,1,4,-,1,2,-,0,1,T,0,0,:,2,0,:,2,8,.,0,0,0,Z,	,	,2,9,6,5,2,	,0,	,5,2,8,8,5,8,	,2,7,0,6,4,	,4,8,8,9,2,4,4,5
W,L,0,6,z,1,M,P,t,G,A,	,2,4,	,U,C,n,O,V,V,u,o,L,J,_,1,Y,Y,8,A,0,V,8,0,2,w,H,A,	,R,o,m,a,n,A,t,w,o,o,d,	,B,l,o,w,i,n,g, ,C,a,s,h, ,P,r,a,n,k,!,!, ,-, ,H,O,N,E,S,T,Y, ,T,E,S,T,	,B,e,h,i,n,d, ,T,h,e, ,S,c,e,n,e,s, ,-, ,h,t,t,p,:,/,/,y,o,u,t,u,.,b,e,/,R,x,K,j,d,0,6,9,z,Q,E,"
",F,o,l,l,o,w, ,L,o,g,a,n, ,P,a,u,l, ,-, ,h,t,t,p,s,:,/,/,w,w,w,.,y,o,u,t,u,b,e,.,c,o,m,/,u,s,e,r,/,T,h,e,O,f,f,i,c,i,a,l,L,o,g,a,n,P,a,u,l,"
",S,O,C,I,A,L, ,S,T,U,F,F,"
",h,t,t,p,:,/,/,w,w,w,.,f,a,c,e,b,o,o,k,.,c,o,m,/,R,o,m,a,n,A,t,w,o,o,d,"
",h,t,t,p,:,/,/,w,w,w,.,T,w,i,t,t,e,r,.,c,o,m,/,R,o,m,a,n,A,t,w,o,o,d,"
",I,n,s,t,a,g,r,a,m, ,-, ,R,o,m,a,n,A,t,w,o,o,d,"
",M,o,r,e, ,P,r,a,n,k,s, ,H,e,r,e, ,-, ,h,t,t,p,:,/,/,w,w,w,.,y,o,u,t,u,b,e,.,c,o,m,/,R,o,m,a,n,A,t,w,o,o,d,"
","
",S,m,i,l,e, ,M,o,r,e, ,S,t,o,r,e,-, ,h,t,t,p,:,/,/,w,w,w,.,R,o,m,a,n,A,t,w,o,o,d,.,c,o,m,"
","
",T,h,a,n,k,s, ,s,o, ,m,u,c,h, ,f,o,r, ,w,a,t,c,h,i,n,g,.,P,l,e,a,s,e, ,h,e,l,p, ,u,s, ,o,u,t, ,b,y, ,s,h,a,r,i,n,g, ,w,i,t,h, ,s,o,m,e, ,f,r,i,e,n,d,s,!, ,L,o,v,e, ,y,o,u, ,g,u,y,s,!,	,2,0,1,4,-,1,1,-,2,7,T,1,7,:,4,2,:,3,9,.,0,0,0,Z,	,	,4,9,6,6,	,0,	,1,2,2,5,8,9,	,2,3,5,7,	,6,4,6,8,2,4,6
