Keywords,,,,,,,,,,,,,,,,,,,,,,,,,
akon,,,,,,,,,,,,,,,,,,,,,,,,,
bleeding love,,,,,,,,,,,,,,,,,,,,,,,,,
chris brown,,,,,,,,,,,,,,,,,,,,,,,,,
david cook,,,,,,,,,,,,,,,,,,,,,,,,,
eminem,,,,,,,,,,,,,,,,,,,,,,,,,
funny,,,,,,,,,,,,,,,,,,,,,,,,,
gta 4,,,,,,,,,,,,,,,,,,,,,,,,,
hannah montana,,,,,,,,,,,,,,,,,,,,,,,,,
iron man,,,,,,,,,,,,,,,,,,,,,,,,,
jonas brothers,,,,,,,,,,,,,,,,,,,,,,,,,
kiss,,,,,,,,,,,,,,,,,,,,,,,,,
low,,,,,,,,,,,,,,,,,,,,,,,,,
mariah carey,,,,,,,,,,,,,,,,,,,,,,,,,
no air,,,,,,,,,,,,,,,,,,,,,,,,,
one republic,,,,,,,,,,,,,,,,,,,,,,,,,
paramore,,,,,,,,,,,,,,,,,,,,,,,,,
queen,,,,,,,,,,,,,,,,,,,,,,,,,
rihanna,,,,,,,,,,,,,,,,,,,,,,,,,
soulja boy,,,,,,,,,,,,,,,,,,,,,,,,,
the,,,,,,,,,,,,,,,,,,,,,,,,,
usher,,,,,,,,,,,,,,,,,,,,,,,,,
various artists,,,,,,,,,,,,,,,,,,,,,,,,,
with you,,,,,,,,,,,,,,,,,,,,,,,,,
x factor,,,,,,,,,,,,,,,,,,,,,,,,,
youtube,,,,,,,,,,,,,,,,,,,,,,,,,
zidane,,,,,,,,,,,,,,,,,,,,,,,,,
american idol,,,,,,,,,,,,,,,,,,,,,,,,,
beyonce,,,,,,,,,,,,,,,,,,,,,,,,,
cristiano ronaldo,,,,,,,,,,,,,,,,,,,,,,,,,
dance,,,,,,,,,,,,,,,,,,,,,,,,,
evanescence,,,,,,,,,,,,,,,,,,,,,,,,,
family guy,,,,,,,,,,,,,,,,,,,,,,,,,
green day,,,,,,,,,,,,,,,,,,,,,,,,,
high school musical,,,,,,,,,,,,,,,,,,,,,,,,,
iron maiden,,,,,,,,,,,,,,,,,,,,,,,,,
jeff dunham,,,,,,,,,,,,,,,,,,,,,,,,,
kanye west,,,,,,,,,,,,,,,,,,,,,,,,,
lil wayne,,,,,,,,,,,,,,,,,,,,,,,,,
miley cyrus,,,,,,,,,,,,,,,,,,,,,,,,,
naruto,,,,,,,,,,,,,,,,,,,,,,,,,
our song,,,,,,,,,,,,,,,,,,,,,,,,,
pokemon,,,,,,,,,,,,,,,,,,,,,,,,,
queens of the stone age,,,,,,,,,,,,,,,,,,,,,,,,,
ronaldinho,,,,,,,,,,,,,,,,,,,,,,,,,
shakira,,,,,,,,,,,,,,,,,,,,,,,,,
touch my body,,,,,,,,,,,,,,,,,,,,,,,,,
u2,,,,,,,,,,,,,,,,,,,,,,,,,
vanessa hudgens,,,,,,,,,,,,,,,,,,,,,,,,,
wwe,,,,,,,,,,,,,,,,,,,,,,,,,
xzibit,,,,,,,,,,,,,,,,,,,,,,,,,
young jeezy,,,,,,,,,,,,,,,,,,,,,,,,,
zac efron,,,,,,,,,,,,,,,,,,,,,,,,,
avril lavigne,,,,,,,,,,,,,,,,,,,,,,,,,
britains got talent,,,,,,,,,,,,,,,,,,,,,,,,,
celine dion,,,,,,,,,,,,,,,,,,,,,,,,,
don omar,,,,,,,,,,,,,,,,,,,,,,,,,
enrique iglesias,,,,,,,,,,,,,,,,,,,,,,,,,
fergie,,,,,,,,,,,,,,,,,,,,,,,,,
girlicious,,,,,,,,,,,,,,,,,,,,,,,,,
happy tree friends,,,,,,,,,,,,,,,,,,,,,,,,,
ironman,,,,,,,,,,,,,,,,,,,,,,,,,
jackass,,,,,,,,,,,,,,,,,,,,,,,,,
korn,,,,,,,,,,,,,,,,,,,,,,,,,
lollipop,,,,,,,,,,,,,,,,,,,,,,,,,
michael jackson,,,,,,,,,,,,,,,,,,,,,,,,,
nelly,,,,,,,,,,,,,,,,,,,,,,,,,
oasis,,,,,,,,,,,,,,,,,,,,,,,,,
panic at the disco,,,,,,,,,,,,,,,,,,,,,,,,,
quaresma,,,,,,,,,,,,,,,,,,,,,,,,,
ronaldo,,,,,,,,,,,,,,,,,,,,,,,,,
sexy can i,,,,,,,,,,,,,,,,,,,,,,,,,
timbaland,,,,,,,,,,,,,,,,,,,,,,,,,
umbrella,,,,,,,,,,,,,,,,,,,,,,,,,
van halen,,,,,,,,,,,,,,,,,,,,,,,,,
wisin y yandel,,,,,,,,,,,,,,,,,,,,,,,,,
xbox 360,,,,,,,,,,,,,,,,,,,,,,,,,
yelle,,,,,,,,,,,,,,,,,,,,,,,,,
zombie,,,,,,,,,,,,,,,,,,,,,,,,,
apologize,,,,,,,,,,,,,,,,,,,,,,,,,
bob marley,,,,,,,,,,,,,,,,,,,,,,,,,
cascada,,,,,,,,,,,,,,,,,,,,,,,,,
dane cook,,,,,,,,,,,,,,,,,,,,,,,,,
elevator,,,,,,,,,,,,,,,,,,,,,,,,,
fight,,,,,,,,,,,,,,,,,,,,,,,,,
ghost,,,,,,,,,,,,,,,,,,,,,,,,,
hip hop,,,,,,,,,,,,,,,,,,,,,,,,,
ipl,,,,,,,,,,,,,,,,,,,,,,,,,
jojo,,,,,,,,,,,,,,,,,,,,,,,,,
ken lee,,,,,,,,,,,,,,,,,,,,,,,,,
linkin park,,,,,,,,,,,,,,,,,,,,,,,,,
metallica,,,,,,,,,,,,,,,,,,,,,,,,,
nickelback,,,,,,,,,,,,,,,,,,,,,,,,,
obama,,,,,,,,,,,,,,,,,,,,,,,,,
pink floyd,,,,,,,,,,,,,,,,,,,,,,,,,
quran,,,,,,,,,,,,,,,,,,,,,,,,,
rockstar,,,,,,,,,,,,,,,,,,,,,,,,,
simple plan,,,,,,,,,,,,,,,,,,,,,,,,,
tokio hotel,,,,,,,,,,,,,,,,,,,,,,,,,
ufc,,,,,,,,,,,,,,,,,,,,,,,,,
vicente fernandez,,,,,,,,,,,,,,,,,,,,,,,,,
wow,,,,,,,,,,,,,,,,,,,,,,,,,
xuxa,,,,,,,,,,,,,,,,,,,,,,,,,
you,,,,,,,,,,,,,,,,,,,,,,,,,
zoey 101,,,,,,,,,,,,,,,,,,,,,,,,,
alicia keys,,,,,,,,,,,,,,,,,,,,,,,,,
bon jovi,,,,,,,,,,,,,,,,,,,,,,,,,
chocolate rain,,,,,,,,,,,,,,,,,,,,,,,,,
duffy,,,,,,,,,,,,,,,,,,,,,,,,,
emo,,,,,,,,,,,,,,,,,,,,,,,,,
fall out boy,,,,,,,,,,,,,,,,,,,,,,,,,
gta iv,,,,,,,,,,,,,,,,,,,,,,,,,
harry potter,,,,,,,,,,,,,,,,,,,,,,,,,
independent,,,,,,,,,,,,,,,,,,,,,,,,,
james blunt,,,,,,,,,,,,,,,,,,,,,,,,,
kiss kiss,,,,,,,,,,,,,,,,,,,,,,,,,
leona lewis,,,,,,,,,,,,,,,,,,,,,,,,,
mario,,,,,,,,,,,,,,,,,,,,,,,,,
nirvana,,,,,,,,,,,,,,,,,,,,,,,,,
one,,,,,,,,,,,,,,,,,,,,,,,,,
piece of me,,,,,,,,,,,,,,,,,,,,,,,,,
qlimax,,,,,,,,,,,,,,,,,,,,,,,,,
runescape,,,,,,,,,,,,,,,,,,,,,,,,,
step up 2,,,,,,,,,,,,,,,,,,,,,,,,,
t-pain,,,,,,,,,,,,,,,,,,,,,,,,,
ufo,,,,,,,,,,,,,,,,,,,,,,,,,
valerie,,,,,,,,,,,,,,,,,,,,,,,,,
whitney houston,,,,,,,,,,,,,,,,,,,,,,,,,
x japan,,,,,,,,,,,,,,,,,,,,,,,,,
young buck,,,,,,,,,,,,,,,,,,,,,,,,,
zelda,,,,,,,,,,,,,,,,,,,,,,,,,
american boy,,,,,,,,,,,,,,,,,,,,,,,,,
backstreet boys,,,,,,,,,,,,,,,,,,,,,,,,,
christina aguilera,,,,,,,,,,,,,,,,,,,,,,,,,
david archuleta,,,,,,,,,,,,,,,,,,,,,,,,,
elvis,,,,,,,,,,,,,,,,,,,,,,,,,
flo rida,,,,,,,,,,,,,,,,,,,,,,,,,
get silly,,,,,,,,,,,,,,,,,,,,,,,,,
halo 3,,,,,,,,,,,,,,,,,,,,,,,,,
incubus,,,,,,,,,,,,,,,,,,,,,,,,,
jesse mccartney,,,,,,,,,,,,,,,,,,,,,,,,,
kelly clarkson,,,,,,,,,,,,,,,,,,,,,,,,,
love in this club,,,,,,,,,,,,,,,,,,,,,,,,,
my,,,,,,,,,,,,,,,,,,,,,,,,,
numa numa,,,,,,,,,,,,,,,,,,,,,,,,,
old greg,,,,,,,,,,,,,,,,,,,,,,,,,
plies,,,,,,,,,,,,,,,,,,,,,,,,,
quizas,,,,,,,,,,,,,,,,,,,,,,,,,
recep ivedik,,,,,,,,,,,,,,,,,,,,,,,,,
slipknot,,,,,,,,,,,,,,,,,,,,,,,,,
taylor swift,,,,,,,,,,,,,,,,,,,,,,,,,
ufc 83,,,,,,,,,,,,,,,,,,,,,,,,,
video,,,,,,,,,,,,,,,,,,,,,,,,,
westlife,,,,,,,,,,,,,,,,,,,,,,,,,
xavier naidoo,,,,,,,,,,,,,,,,,,,,,,,,,
yeah,,,,,,,,,,,,,,,,,,,,,,,,,
zaho,,,,,,,,,,,,,,,,,,,,,,,,,
alvin and the chipmunks,,,,,,,,,,,,,,,,,,,,,,,,,
blink 182,,,,,,,,,,,,,,,,,,,,,,,,,
ceza,,,,,,,,,,,,,,,,,,,,,,,,,
daddy yankee,,,,,,,,,,,,,,,,,,,,,,,,,
evolution of dance,,,,,,,,,,,,,,,,,,,,,,,,,
funny cats,,,,,,,,,,,,,,,,,,,,,,,,,
guitar hero,,,,,,,,,,,,,,,,,,,,,,,,,
hilary duff,,,,,,,,,,,,,,,,,,,,,,,,,
iphone,,,,,,,,,,,,,,,,,,,,,,,,,
juno,,,,,,,,,,,,,,,,,,,,,,,,,
kurtlar vadisi,,,,,,,,,,,,,,,,,,,,,,,,,
love song,,,,,,,,,,,,,,,,,,,,,,,,,
my chemical romance,,,,,,,,,,,,,,,,,,,,,,,,,
nelly furtado,,,,,,,,,,,,,,,,,,,,,,,,,
one tree hill,,,,,,,,,,,,,,,,,,,,,,,,,
pitbull,,,,,,,,,,,,,,,,,,,,,,,,,
quagmire,,,,,,,,,,,,,,,,,,,,,,,,,
rbd,,,,,,,,,,,,,,,,,,,,,,,,,
south park,,,,,,,,,,,,,,,,,,,,,,,,,
titanic,,,,,,,,,,,,,,,,,,,,,,,,,
unforgivable,,,,,,,,,,,,,,,,,,,,,,,,,
videos chistosos,,,,,,,,,,,,,,,,,,,,,,,,,
world of warcraft,,,,,,,,,,,,,,,,,,,,,,,,,
xxl,,,,,,,,,,,,,,,,,,,,,,,,,
your guardian angel,,,,,,,,,,,,,,,,,,,,,,,,,
zion,,,,,,,,,,,,,,,,,,,,,,,,,
aventura,,,,,,,,,,,,,,,,,,,,,,,,,
basshunter,,,,,,,,,,,,,,,,,,,,,,,,,
ciara,,,,,,,,,,,,,,,,,,,,,,,,,
disturbed,,,,,,,,,,,,,,,,,,,,,,,,,
elton john,,,,,,,,,,,,,,,,,,,,,,,,,
foo fighters,,,,,,,,,,,,,,,,,,,,,,,,,
guitar,,,,,,,,,,,,,,,,,,,,,,,,,
hero,,,,,,,,,,,,,,,,,,,,,,,,,
ice cube,,,,,,,,,,,,,,,,,,,,,,,,,
juanes,,,,,,,,,,,,,,,,,,,,,,,,,
komik,,,,,,,,,,,,,,,,,,,,,,,,,
love,,,,,,,,,,,,,,,,,,,,,,,,,
mika,,,,,,,,,,,,,,,,,,,,,,,,,
no one,,,,,,,,,,,,,,,,,,,,,,,,,
omarion,,,,,,,,,,,,,,,,,,,,,,,,,
papa roach,,,,,,,,,,,,,,,,,,,,,,,,,
quantum of solace,,,,,,,,,,,,,,,,,,,,,,,,,
rammstein,,,,,,,,,,,,,,,,,,,,,,,,,
sean paul,,,,,,,,,,,,,,,,,,,,,,,,,
take a bow,,,,,,,,,,,,,,,,,,,,,,,,,
undertaker,,,,,,,,,,,,,,,,,,,,,,,,,
velvet revolver,,,,,,,,,,,,,,,,,,,,,,,,,
weird al,,,,,,,,,,,,,,,,,,,,,,,,,
xbox,,,,,,,,,,,,,,,,,,,,,,,,,
yellowcard,,,,,,,,,,,,,,,,,,,,,,,,,
zara,,,,,,,,,,,,,,,,,,,,,,,,,
ashley tisdale,,,,,,,,,,,,,,,,,,,,,,,,,
bloopers,,,,,,,,,,,,,,,,,,,,,,,,,
comedy,,,,,,,,,,,,,,,,,,,,,,,,,
damaged,,,,,,,,,,,,,,,,,,,,,,,,,
enya,,,,,,,,,,,,,,,,,,,,,,,,,
flyleaf,,,,,,,,,,,,,,,,,,,,,,,,,
gossip girl,,,,,,,,,,,,,,,,,,,,,,,,,
halo,,,,,,,,,,,,,,,,,,,,,,,,,
I miss you,,,,,,,,,,,,,,,,,,,,,,,,,
janet jackson,,,,,,,,,,,,,,,,,,,,,,,,,
kobe bryant,,,,,,,,,,,,,,,,,,,,,,,,,
lost,,,,,,,,,,,,,,,,,,,,,,,,,
mana,,,,,,,,,,,,,,,,,,,,,,,,,
nba,,,,,,,,,,,,,,,,,,,,,,,,,
offspring,,,,,,,,,,,,,,,,,,,,,,,,,
paul potts,,,,,,,,,,,,,,,,,,,,,,,,,
que paso muchacho,,,,,,,,,,,,,,,,,,,,,,,,,
robot chicken,,,,,,,,,,,,,,,,,,,,,,,,,
snoop dogg,,,,,,,,,,,,,,,,,,,,,,,,,
techno,,,,,,,,,,,,,,,,,,,,,,,,,
unfaithful,,,,,,,,,,,,,,,,,,,,,,,,,
vico c,,,,,,,,,,,,,,,,,,,,,,,,,
whine up,,,,,,,,,,,,,,,,,,,,,,,,,
xtreme,,,,,,,,,,,,,,,,,,,,,,,,,
yesterday,,,,,,,,,,,,,,,,,,,,,,,,,
zeitgeist,,,,,,,,,,,,,,,,,,,,,,,,,
ashanti,,,,,,,,,,,,,,,,,,,,,,,,,
break the ice,,,,,,,,,,,,,,,,,,,,,,,,,
camila,,,,,,,,,,,,,,,,,,,,,,,,,
danity kane,,,,,,,,,,,,,,,,,,,,,,,,,
eric clapton,,,,,,,,,,,,,,,,,,,,,,,,,
flight of the conchords,,,,,,,,,,,,,,,,,,,,,,,,,
gta,,,,,,,,,,,,,,,,,,,,,,,,,
how,,,,,,,,,,,,,,,,,,,,,,,,,
in the end,,,,,,,,,,,,,,,,,,,,,,,,,
jack johnson,,,,,,,,,,,,,,,,,,,,,,,,,
kudai,,,,,,,,,,,,,,,,,,,,,,,,,
ludacris,,,,,,,,,,,,,,,,,,,,,,,,,
mad tv,,,,,,,,,,,,,,,,,,,,,,,,,
nightwish,,,,,,,,,,,,,,,,,,,,,,,,,
one piece,,,,,,,,,,,,,,,,,,,,,,,,,
panda,,,,,,,,,,,,,,,,,,,,,,,,,
quad,,,,,,,,,,,,,,,,,,,,,,,,,
rap,,,,,,,,,,,,,,,,,,,,,,,,,
sean kingston,,,,,,,,,,,,,,,,,,,,,,,,,
thriller,,,,,,,,,,,,,,,,,,,,,,,,,
usher love in this club,,,,,,,,,,,,,,,,,,,,,,,,,
videos graciosos,,,,,,,,,,,,,,,,,,,,,,,,,
what is love,,,,,,,,,,,,,,,,,,,,,,,,,
x-factor,,,,,,,,,,,,,,,,,,,,,,,,,
ying yang twins,,,,,,,,,,,,,,,,,,,,,,,,,
zezima,,,,,,,,,,,,,,,,,,,,,,,,,