0,1
gameplay,16020
walkthrough,11883
disney,11013
part,10201
play,10099
cars,10029
toys,8642
game,8226
video,7438
review,5472
kids,5437
funny,5399
xbox,5336
ending,4924
react,4899
playthrough,4848
games,4713
dead,4479
pixar,4341
let,4130
youtube,3856
new,3750
pc,3259
theradbrad,3154
life,3098
tutorial,3021
brinquedos,2916
crazy,2905
mission,2814
minecraft,2812
science,2771
vegetta777,2748
ps3,2713
vlog,2610
fun,2599
walk,2395
story,2356
pewdiepie,2320
playstation,2318
toy,2306
family,2234
pewdie,2234
ps4,2220
cry,2189
voitures,2105
rising,2089
graceffa,2085
lets,2060
kid,2028
hacks,2017
silly,2000
commentary,1999
dctc,1935
giocattoli,1930
jouets,1901
makeup,1850
parents,1849
guia,1848
comedy,1846
children,1832
survival,1821
mod,1816
rad,1805
vegetta,1796
juegos,1774
horror,1770
spielzeug,1768
dogs,1765
videojuegos,1748
pewds,1725
russian,1723
brad,1702
arkham,1671
reality,1648
child,1625
de,1621
prank,1610
industry,1565
jouet,1561
vloggers,1552
egg,1548
doh,1538
one,1515
espa\xc3\xb1ol,1500
gaymer,1498
experiments,1463
daily,1462
batman,1443
baby,1440
\xe3\x83\x87\xe3\x82\xa3\xe3\x82\xba\xe3\x83\x8b\xe3\x83\xbc,1406
fine,1406
film,1391
diy,1378
cars2,1374
collector,1369
far,1360
trailer,1357
poup\xc3\xa9e,1344
\xe3\x83\x97\xe3\x83\xaa\xe3\x83\xb3\xe3\x82\xbb\xe3\x82\xb9,1341
light,1334
lego,1328
trick,1318
blucollection,1314
tv,1308
tips,1307
scary,1285
carrinhos,1276
amazing,1267
parenting,1261
smosh,1258
channel,1258
watch,1251
joey,1245
row,1211
campaign,1211
time,1195
evil,1192
diecast,1186
juguetes,1158
knight,1157
guide,1152
us,1151
food,1151
weapons,1145
saints,1144
die-cast,1122
mcqueen,1120
sorpresa,1119
juego,1111
mattel,1101
videogames,1090
\xd0\x98\xd0\xb3\xd1\x80\xd1\x83\xd1\x88\xd0\xba\xd0\xb0,1084
giocattolo,1080
coches,1066
brothers,1057
metal,1030
black,1006
last,1005
son,1004
juguete,1004
coke,991
genre,984
wars,976
player,957
series,957
vlogger,953
walking,948
space,948
creed,944
assassin,940
characters,939
giochi,936
sketch,933
dying,930
teens,916
thefinebros,910
music,906
hacker,904
week,902
multiplayer,900
dark,890
michelle,889
phan,885
uova,879
dlc,872
man,870
boil,869
island,865
pixarcarstoys,863
stupid,863
online,862
youtubers,859
shadow,849
super,848
mater,847
single,836
toychannel,830
today,826
infamous,821
make,819
jeux,816
boss,815
frozen,811
episode,808
anthony,806
ian,798
simple,797
uncharted,795
kombat,792
holiday,786
bambini,784
dayz,783
red,782
cute,779
christmas,777
pranks,776
elders,775
challenge,774
thief,773
sam,770
war,770
mods,767
gaming,764
videos,763
media,761
wiki,758
humor,750
xbox360,749
surprise,745
silent,743
princess,740
gamer,736
mortal,734
bambola,733
second,731
hill,731
order,729
en,725
duty,725
live,724
call,723
ni\xc3\xb1os,723
ops,721
battlefield,717
pig,716
mu\xc3\xb1eca,716
speelgoed,714
leksaker,712
spielsachen,712
leker,710
spielwaren,709
\xc4\xa1ugarelli,705
ksi\xc4\x99\xc5\xbcniczka,704
lalka,703
\xd0\xba\xd0\xbd\xd1\x8f\xd0\xb3\xd0\xb8\xd0\xbd\xd1\x8f,702
star,701
peppa,701
perfect,701
kr\xc3\xb3lewna,701
poup\xc3\xa9es,700
within,698
\xd0\x94\xd0\xbe\xd0\xbb\xd0\xbb,697
moments,697
\xce\xba\xce\xbf\xcf\x8d\xce\xba\xce\xbb\xce\xb1,697
\xd0\xbf\xd1\x80\xd0\xb8\xd0\xbd\xd1\x86\xd0\xb5\xd1\x81\xd1\x81\xd0\xb0,696
magic,696
pro,692
wolf,692
real,690
puppe,686
parody,685
amnesia,683
\xd0\xb4\xd0\xb8\xd1\x81\xd0\xbd\xd0\xb5\xd0\xb9,679
lol,675
ice,674
die,665
huevos,665
auto,664
girl,662
first,661
hecox,659
season,658
mu\xc3\xb1ecos,657
city,656
del,655
intro,652
adventure,649
skills,649
grand,643
serious,642
skyrim,639
girls,638
steam,637
cast,636
padilla,636
toyz,632
rain,626
day,621
beauty,621
trucos,619
playtime,618
machinima,617
oakley,616
angry,616
destiny,616
standalone,615
birds,613
chapter,611
theft,609
park,601
la,595
\xe3\x83\x90\xe3\x83\xbc\xe3\x83\x93\xe3\x83\xbc,593
scrolls,590
fear,586
monster,586
bonecas,584
achievements,578
dog,577
portugues,577
misterios,574
sleeping,573
let\xc2\xb4s,568
movie,568
character,565
third,562
directo,561
best,558
souls,558
syndicate,556
boy,555
effect,554
dude,554
car,553
heavy,553
school,551
viral,551
hilarious,551
show,551
mass,550
halloween,549
party,548
kinder,548
halo,548
hot,547
carros,547
elder,546
warfare,546
slow,545
joke,545
look,544
world,541
wrong,541
friendly,540
dawn,533
princesse,533
program,531
tricks,531
auta,530
zombie,530
mafia,526
brown,525
woman,513
water,512
happen,512
gears,511
letsplay,509
hair,502
lightning,500
trofeos,495
logros,495
easter,493
eggs,492
color,491
disneycarstoys,491
cake,487
blood,487
marbles,485
mo,485
hd,485
superwomen,484
skit,483
los,479
les,479
superwoman,478
\xd0\x98\xd0\xb3\xd1\x80\xd1\x83\xd1\x88\xd0\xba\xd0\xb8,476
biler,475
rant,471
division,468
women,467
historia,467
\xe3\x82\xa8\xe3\x83\xab\xe3\x82\xb6\xe3\x81\xae\xe4\xba\xba\xe5\xbd\xa2,467
gear,466
santa,465
punjabi,465
indian,465
boyfriend,465
easy,464
oeufs,462
willyrex,461
projects,460
spider,460
telur,458
kejutan,458
max,456
\xc3\x83\xc5\x93berraschungseier,456
brasil,455
pvp,455
overraskelse,455
mordor,454
raider,453
old,451
iisuperwomenii,448
magazine,447
resident,447
end,441
portuguese,440
lab,439
wheels,438
vs,437
storytellers,437
desi,435
two,434
hambre,433
armas,431
evantubehd,430
girlfriend,430
reviews,430
south,427
collection,427
humour,425
gay,424
verrassing,424
fall,423
tomb,423
face,420
sony,419
ni\xc3\xb1as,416
epic,416
dough,415
fallout,414
wolfenstein,412
scenes,409
indie,408
multijugador,408
social,404
eieren,403
tyler,402
rise,401
hitman,401
hunger,400
happy,400
irl,399
spoilers,399
\xe3\x81\x8b\xe3\x82\x93\xe3\x81\xaa,398
experiment,398
race,398
rage,397
fire,396
darkness,395
planes,394
leksak,393
stick,393
speelbal,393
secretos,391
remastered,391
people,387
serie,387
hardline,384
custom,383
animation,382
test,382
personajes,382
doom,381
record,380
cream,379
comedian,379
nightmare,377
candy,377
kan,376
walt,376
behind,375
top,373
michellephan,373
enemies,373
primal,372
truth,372
mickey,371
white,371
toon,371
chocolate,370
soundtrack,368
blog,368
gta,367
racers,366
night,365
spielset,365
toons,364
little,363
cookie,362
shots,362
puppy,361
hack,361
tyleroakley,360
micro,359
link,359
episodio,359
payne,358
free,357
go,357
bad,356
alien,356
house,355
prologue,355
ever,354
springs,353
lucky,352
bow,351
solid,350
radiator,350
downpour,347
bagnoles,347
mymusic,347
edition,346
ghosts,346
claus,345
hindi,345
home,344
book,344
elite,344
cartoon,343
monsters,342
isolation,342
funny'b'pewdiepie,341
musical,341
entertainment,340
dr3,340
dolls,340
truck,339
basketball,339
song,338
ricebunny,335
friends,334
witcher,334
unity,333
brazil'b'disney,332
catherine,332
carrera,328
ubisoft,327
campa\xc3\xb1a,324
hunt,323
outlast,323
bfe,322
cosmetics,322
step,320
cooking,320
sniper,318
pista,318
zombies,317
adventure'b'bratayley,314
descargar,314
spiderman,313
every,312
mourey,312
prototype,312
scared,309
devil,308
break,308
kitchen,308
sky,305
platform,305
elsa,301
thetoychannel,301
bilar,301
line,300
voiture,300
bros,299
among,298
lgbt,296
capitulo,296
mack,294
drifters,294
spoof,294
drunk,294
servidores,292
team,291
pdp,291
prinzessin,290
michael,290
american,289
\xe3\x81\x82\xe3\x81\x8d\xe3\x82\x89,288
following,286
doll,286
fashion,286
saetta,285
playing,285
sims,283
racing,283
anna,282
love,282
baking,282
rhett,281
battle,281
spoiler,281
ryse,280
borderlands,280
titanfall,279
russianhacker,279
pain,279
parenting'b'bratayley,278
bake,276
beyond,276
iii,275
tom,274
vehiculos,273
planeta,272
organization,272
gadgets,271
vegettagaymer,270
spielzeugauto,270
marvel,269
\xd0\xb4\xd0\xbb\xd1\x8f,269
high,269
prinzessinnen,266
may,262
shooter,262
phantom,262
rosanna,262
cool,262
reactions,261
case,261
\xec\x9e\xa5\xeb\x82\x9c\xea\xb0\x90,261
rome,261
pack,259
da,258
unboxing,258
barbie,258
playset,258
mouse,258
edge,257
spielzeugfiguren,257
cat,256
telltale,256
vehicles,255
pansino,254
classic,254
put,253
vegeta,252
shane,251
birthday,250
artist,250
trials,249
modern,249
franklin,249
pony,247
youtuber,247
way,247
transformers,246
crian\xc3\xa7as,245
iphone,243
earth,243
disneycollector,243
cook,240
panda,239
mario,239
scream,238
work,238
mkx,237
optifine,236
dance,236
shot,235
dad,234
king,233
flag,231
rainbow,231
future,231
backpack,230
wii,230
peel,229
advanced,228
clancy,228
fictional,228
endings,227
dry,226
alive,226
talking,225
brinquedo,224
mapa,221
ratai,220
tomy,220
basic,220
weird,220
beb\xc3\xaa,219
\xd0\xb4\xd0\xb5\xd1\x82\xd0\xb5\xd0\xb9,219
princesas,218
illusion,217
valentine,216
absolution,216
fight,216
commercial,215
nukem,213
ball,213
contra,213
eye,213
stars,212
descent,212
\xc4\x91\xe1\xbb\x93,211
reaction,211
wake,210
pokemon,210
summer,209
\xea\xb3\x84\xeb\x9e\x80,209
\xea\xb9\x9c\xec\xa7\x9d,209
trophies,209
run,208
mode,207
middle,207
guys,207
adults,207
h\xc6\xa1i,206
xe,206
snow,206
uno,206
big,205
left,205
bows,204
fail,204
powers,204
ch\xc6\xa1i,204
eyes,203
mini,203
minions,203
nickelodeon,203
violin,203
creepy,202
todos,202
principesse,202
motori,202
crazyrussianhacker,201
\xcf\x80\xcf\x81\xce\xb9\xce\xb3\xce\xba\xce\xaf\xcf\x80\xce\xb9\xcf\x83\xcf\x83\xce\xb5\xcf\x82,200
ruggenti,200
forever,200
ghost,199
ii,199
silver,199
soul,198
travel,197
advent,197
crafteos,197
tube,196
twisted,196
mermaid,196
studios,195
chainsaw,195
soldier,194
alan,194
pizza,194
spec,194
full,193
changers,193
sector,193
herobrine,192
revelations,192
question,192
\xe3\x82\xbf\xe3\x82\xab\xe3\x83\xa9\xe3\x83\x88\xe3\x83\x9f\xe3\x83\xbc,192
aki,191
lifehack,191
shopping,190
el,190
track,190
\xd0\x94\xd0\xb8\xd1\x81\xd0\xbd\xd0\xb5\xd0\xb9,190
radbrad,190
playstation3,190
craftear,190
play-doh,189
final,189
drake,189
tomica,189
discuss,188
goals,188
nerdy,188
capcom,188
explain,188
aviones,187
navidad,187
discusses,187
\xd0\xbf\xd1\x80\xd0\xb8\xd0\xbd\xd1\x86\xd0\xb5\xd1\x81\xd1\x81,187
art,187
ninja,186
ex,186
reiminimap,186
operation,185
kul,185
special,185
dawson,185
level,183
presents,183
set,183
\xea\xb3\xb5\xec\xa3\xbc,183
lollipop,183
descarga,182
tennis,182
ultimate,182
analisis,181
costumes,181
sofia,180
comics,180
\xeb\x94\x94\xec\xa6\x88\xeb\x8b\x88,180
cause,180
islands,180
evolution,179
\xce\xa0\xcf\x81\xce\xb9\xce\xb3\xce\xba\xce\xaf\xcf\x80\xce\xb9\xcf\x83\xcf\x83\xce\xb5\xcf\x82,179
kingsley,179
tales,178
dragon,178
quantum,177
motion,177
reacts,177
back,177
store,177
avengers,176
master,176
animal,176
lindsey,175
pet,175
respond,175
tall,174
ovos,174
\xe3\x83\x87\xe3\x82\xa3\xe3\x82\xba\xe3\x83\x8b\xe3\x83\xbc\xe3\x81\xae\xe3\x81\x8a\xe5\xa7\xab\xe6\xa7\x98,174
calendar,174
ratchet,173
simulator,173
eating,173
year,173
fantasma,173
costume,172
recipe,172
style,172
amy,172
teenagers,171
quot,171
tag,171
frozen2,171
animated,170
negro,170
vlogging,170
atracos,170
yt,170
hombrres,170
couple,169
quatre,169
singing,168
mundo,168
road,168
anime,168
gift,167
roues,167
kermit,167
bottle,167
football,167
bts,166
pie,166
fc4,166
clay,165
combate,165
potter,165
cod,165
ac,164
things,164
responds,164
caminh\xc3\xa3o,164
screaming,163
six,163
pop,163
enfants,163
forge,163
actualizacion,163
finebros,162
temporada,162
action,162
michonne,162
america,162
zona,162
nails,162
build,162
deadplayers,162
minnie,161
spark,161
rennstrecke,161
duke,161
soda,160
pool,160
creeper,160
mw3,160
reading,158
\xcf\x80\xce\xaf\xcf\x83\xcf\x84\xce\xb1,158
group,158
dancing,157
cielo,157
\xed\x8a\xb8\xeb\x9e\x99,157
\xd0\xb8\xd0\xbf\xd0\xbf\xd0\xbe\xd0\xb4\xd1\x80\xd0\xbe\xd0\xbc,157
\xeb\xa0\x88\xec\x9d\xb4\xec\x8a\xa4,157
deus,157
tnt,157
oyuncak,156
jake,156
\xe3\x83\xac\xe3\x83\xbc\xe3\x82\xb9\xe3\x83\x88\xe3\x83\xa9\xe3\x83\x83\xe3\x82\xaf,156
takara,156
version,155
jenna,155
soy,155
harry,155
answer,155
1.9,155
eggwars,155
iron,155
reyes,154
b'toys,154
clank,153
evan,153
land,153
rap,152
cookies,152
square,152
buzz,152
rockstar,152
taras,152
liquid,152
wild,151
blu-ray,151
ingrid,151
origins,151
deep,151
\xe3\x83\xa9\xe3\x82\xa4\xe3\x83\x88\xe3\x83\x8b\xe3\x83\xb3\xe3\x82\xb0\xe3\x83\xbb\xe3\x83\x9e\xe3\x83\x83\xe3\x82\xaf\xe3\x82\xa3\xe3\x83\xbc\xe3\x83\xb3,151
portal,150
toys'b'disney,150
cut,149
lgbtq,149
racecircuit,148
stop,148
killzone,148
five,148
ideas,148
street,147
amp,147
meet,147
activision,146
\xe3\x83\x88\xe3\x82\xa4\xe3\x82\xba,146
mr,146
take,146
upc,146
bloopers,145
death,145
skin,145
modloader,145
york,144
awesome,144
thomas,144
lifestyle,144
west,144
website,143
doctor,143
collab,143
enix,143
theradbrad'b'the,143
kitty,143
rocket,143
bath,142
sexy,142
fifa,142
animacion,142
streaming,142
rhettandlink,142
chick,141
nintendo,141
stirling,141
supercircuito,141
comic,140
female,140
sleef,140
splegg,140
inside,140
\xe3\x81\x8b\xe3\x82\x93\xe3\x81\xaa\xe3\x81\x82\xe3\x81\x8d\xe3\x82\x89,140
german,140
infinite,139
arts,139
staxx,139
tour,139
bratayley,139
chris,139
theme,139
millenaire,139
romance,139
\xe3\x82\xab\xe3\x83\xbc\xe3\x82\xba,138
bosscraft,138
geeky,138
1.6.2,138
category,138
air,138
boston,137
smart,137
john,137
disneyland,137
maze,136
jurassic,136
bathroom,136
como,136
piste,136
dishonored,136
fatalities,136
mom,135
beautiful,135
gymnastics,135
outfit,135
box,135
trip,134
room,134
electronic,134
homemade,134
apple,134
moment,133
ksi,133
modo,133
moving,133
suspect,133
battlefront,133
good,133
slime,133
disneycollectorbr,133
gratis,133
crew,132
advice,132
queen,132
jesse,132
person,131
dress,131
oculus,131
pranking,131
shoes,131
focus,131
bf,131
spider-man,131
nerd,130
laugh,130
animals,130
raams,130
boys,130
elementalcreepers,130
apocalipsisminecraft3,130
nueva,129
bioshock,129
movies,129
petbat,128
crysis,128
ka-chow,128
animales,128
college,128
noire,128
japan,127
dating,127
solo,127
balloon,127
construccion,127
shower,127
twilight,126
original,126
bird,126
zero,126
chef,126
\xe3\x81\x8a\xe3\x82\x82\xe3\x81\xa1\xe3\x82\x83,126
mirror,126
olimpocraft,126
ost,126
overdrive,125
bosscraft2,125
castellano,125
farcry,125
emo,125
golemworld,125
karma,124
open,124
paper,124
quality=high,124
ka-ciao,124
mega,124
metallic,124
satire,124
act,123
minecraftforge,123
carl,123
karmaland2,123
giant,123
type,123
compilation,123
united,123
green,123
sports,123
murdered,122
daniel,122
scratch,122
beta,122
captain,122
interactive,122
recon,122
auta2,122
like,121
sunset,121
course,121
dudeperfect,121
deconstruction,120
darth,120
merry,120
bibliocraft,120
prankvsprank,120
cell,120
iisuperwomanii,119
gold,119
biler2,119
carreras,119
making,119
app,119
naked,118
secret,118
george,118
guy,118
japanese,118
twitch,118
mask,118
download,118
prenses,117
tokyo,117
opening,117
forest,117
blue,117
moon,117
anpanman,117
mythical,117
target,116
get,116
blank,116
opinion,116
montage,116
infinity,116
nights,115
nitrogen,115
deleted,115
theradbrad'b,115
sugar,115
sweet,115
lista,115
pink,115
scare,115
cupcakes,115
speed,115
kiss,114
konami,114
latino,114
bilar2,114
vacation,114
corrida,113
update,113
nowhere,113
maker,113
timers,113
mans,112
date,112
corridas,112
versus,112
tags,112
plush,112
treats,112
bag,112
ro,112
mgs,112
hola,112
cup,111
sleep,111
tasty,111
bank,111
cooperativo,111
paint,111
membership,111
consejos,111
playdough,111
crh,111
ask,110
iv,110
spongebob,110
taken,110
catalyst,110
jokes,110
camera,109
ropeplus,109
pretty,109
storm,109
james,109
history,109
award-winning,109
phone,109
woody,109
university,109
puzzle,109
themed,109
winter,109
roman,108
scene,108
shepard,108
extras,107
luke,107
trucks,106
ea,106
gifts,106
...,106
evantube,106
xp,106
talk,106
raccoon,105
anim\xc3\xa9es,105
ijustine,105
tape,105
rescue,104
sally,104
cc,104
cosplay,104
change,104
trickshot,104
flash,104
lip,104
ramone,103
blacklist,103
harley,103
baseball,103
joeygraceffa,103
swordpedestal,103
wardrobe,103
figure,103
network,103
neon,102
half,102
shifters,102
crian\xc3\xa7as'b'toys,102
comentado,102
fortune,102
rozzloben\xc3\xbd,102
col\xc3\xa8re,102
\xc3\xb6fkeli,102
q\xc9\x99z\xc9\x99bli,102
arrabbiato,102
vrede,102
ibon,102
oiseaux,102
aves,102
madarak,102
qu\xc5\x9f,102
ku\xc5\x9flar\xc4\xb1n,102
d\xc3\xbch\xc3\xb6s,102
bat,102
toddlers,102
galit,102
launcher,102
fugle,102
pt\xc3\xa1ci,102
uccelli,102
bear,102
microsoft,102
upload,102
autod2,102
collectibles,101
rip,101
products,101
haserre,101
jason,101
raiva,101
burung,101
nick,101
junior,101
hegaztiak,101
marah,101
3d,100
subject,100
1vs1,100
splinter,100
villa,100
personal,100
zem\xc3\xabruar,100
fake,100
boze,100
vogels,100
shop,100
whistleblower,100
geek,100
pocoyo,100
attrezzi,100
business,100
t\xc3\xab,100
zogj,100
interview,99
beach,99
girly,99
brazil,99
butter,99
years,99
audio,99
heroes,99
atwood,99
changing,99
arga,99
auti2,99
fan,98
ariel,98
bloodborne,98
hell,98
force,98
gun,98
lady,98
practical,97
fiction,97
rift,97
glow,97
edible,97
muerte,97
sesame,97
lightyear,97
nummies,96
ray,96
gross,96
awards,96
hello,96
superman,96
mapas,96
angeles,96
natural,96
interest,96
duplo,96
abilities,96
autot2,96
mtv,96
speedway,96
ryder,96
long,96
chest,95
auti,95
n't,95
agent,95
trevor,95
rapunzel,95
nail,94
jack,94
stunt,94
quest,94
extremo,94
relationships,94
spring,94
web,94
french,94
card,94
servidor,94
\xe3\x83\x94\xe3\x82\xaf\xe3\x82\xb5\xe3\x83\xbc,94
extraterrestres,93
play3,93
questions,93
engine,93
karmaland,93
pumpkin,93
fusion,93
friday,93
pit,93
armor,93
pirate,93
sequence,93
combat,92
creation,92
mother,92
morning,92
mankind,91
dc,91
olaf,91
shake,91
mystery,91
autod,91
jeana,91
meal,91
front,91
bf1,91
divided,91
help,91
psychopaths,91
xboxone,91
kinect,91
train,90
finn,90
official,90
autot,90
funniest,90
body,90
worst,90
vader,90
sex,90
toilet,89
bubble,89
extreme,89
gmod,89
rock,89
challenges,89
honor,89
husky,89
playstation4,89
pranked,89
blonde,89
\xd0\xb0\xd0\xb2\xd1\x82\xd0\xbe\xd0\xb1\xd1\x83\xd1\x81,89
grey,89
dora,88
prenseslerinin,88
cap,88
con,88
colour,88
delicious,88
subscription,87
author,87
blind,87
guns,87
ratai2,87
days,87
thanksgiving,87
tsum,87
chase,87
nuevo,87
mymusicshow,86
lee,86
care,86
supervivencia,86
hauler,86
gat,86
milk,86
lie,86
casa,85
alert,85
cupcake,85
pets,85
banana,85
donald,85
contest,85
drive,85
class,85
prop,85
furniture,84
celebrity,84
apocalipsis,84
desenho,84
secrets,84
skylanders,84
haul,84
duck,84
computer,84
relationship,84
bus,83
blocks,83
dish,83
skill,83
airplane,83
hardcore,83
win,83
miranda,83
toysrus,83
johnson,83
freddy,83
fps,83
washington,83
strange,83
chicken,82
exclusive,82
graficos,82
vr,82
surpresa,82
stereotypes,82
books,82
head,82
sea,82
twist,82
teen,81
mexico,81
blooper,81
mists,81
clubhouse,81
television,81
mocreatures,81
2k,81
campamentos,81
clip,81
california,80
stage,80
cricchetto,80
treat,80
italian,80
apocaliosisminecraft,80
prom,80
machine,80
lilly,80
arabalar,80
creepers,80
garrys,80
favorites,80
elemental,79
legendarybeasts,79
projectzulucompletev,79
performance,79
dinosaur,79
riov,79
holidays,79
nei,79
morefurnaces,79
enchantingplus,79
vampire,79
gravestone,79
meteors,79
types,79
notenoughitems,79
goodnightssleep,79
aether,79
cinderella,79
codechickencore,79
orbs,79
exp,79
tf2_teleporter,79
bets,78
alex,78
princesa,78
hero,78
nathan,78
'b,78
news,78
competition,78
leon,78
ada,78
kit,78
wiiu,77
\xe3\x83\x87\xe3\x82\xa3\xe3\x82\xba\xe3\x83\x8b\xe3\x83\xbc\xe3\x82\xab\xe3\x83\xbc\xe3\x82\xba,77
venganza,77
avoid,77
mi,77
town,77
fast,77
``,77
kart,77
boxer,77
remix,77
short,77
jammy,77
beer,77
time-lapse,77
strawburry17,76
baker,76
luigi,76
smoke,76
simulation,76
superhero,76
golden,76
breaking,76
playdoh,76
\xd1\x81\xd1\x8e\xd1\x80\xd0\xbf\xd1\x80\xd0\xb8\xd0\xb7,76
thecampingmod,75
em,75
collective,75
deaths,75
castle,75
power,75
hairstyle,75
server,75
ground,75
fahrzeug,75
quick,75
god,75
shopkins,75
inc,75
xtreme,75
google,75
project,75
figures,74
routine,74
lost,74
tie,74
acroanna,74
templo,74
garmendia'b'holasoygerman,74
blu,74
howto,74
suscriptores,74
invention,74
tank,74
espa\xc3\xb1a,73
wedding,73
riptide,73
public,73
need,73
derek,73
b'pewdiepie,73
sick,73
helena,73
timothy,73
pelea,73
bulldog,73
\xe7\x8e\xa9\xe5\x85\xb7,73
building,73
zabawki,72
smokey,72
celestial,72
oyuncaklar,72
primeros,72
plot,72
singh,72
\xd0\xb8\xd0\xb3\xd1\x80\xd1\x83\xd1\x88\xd0\xba\xd0\xb8,72
flip,72
colossus,72
dinoco,72
joker,72
clothes,72
disneystore,72
along,72
thrones,72
mad,72
taylor,72
annoying,72
say,72
drink,71
bfvsgf,71
motha-firetruckin,71
heart,71
health,71
attack,71
competitivo,71
\xe7\x9f\xa5\xe8\x82\xb2\xe8\x8f\x93\xe5\xad\x90,71
adventures,71
un,71
clutchgoneski,71
jacksfilms,71
laughing,71
mix,71
oil,71
sweets,71
've,71
wear,70
martillo,70
eat,70
entretenimiento,70
jilliantubehd,70
human,70
espaciales,70
garry,70
definitive,70
afraid,70
dmc,70
father,70
frosting,70
demo,70
jersey,70
trator,70
las,70
ipad,70
pirates,70
dia,70
elmo,70
\xe3\x83\x94\xe3\x82\xb9\xe3\x83\x88\xe3\x83\xb3\xe3\x82\xab\xe3\x83\x83\xe3\x83\x97,70
without,69
stitch,69
dvd,69
seniors,69
inspired,69
money,69
robot,69
finish,69
daddy,69
captainsparklez,69
greet,69
friend,69
country,69
minifigures,69
direction,69
montenegro,69
brody,69
royal,69
violinist,69
jump,69
volition,69
metro,69
vaas,69
dimensions,68
piers,68
everyday,68
mercenaries,68
3ds,68
prelude,68
misiones,68
boneca,68
london,68
drag,68
re6,68
sherry,68
nerf,68
despicable,68
minutes,68
calls,67
culture,67
takaratomy,67
bonus,67
zelda,67
dream,67
hidden,67
eyebrows,67
hra\xc4\x8dky,67
purple,67
present,67
lips,67
ride,67
fresh,67
table,67
siege,67
nevada,66
jet,66
hook,66
brand,66
strip,66
bomb,66
flying,66
hawk,66
plataformas,66
ryan,66
scariest,66
push,66
captioned,66
naughty,66
bar,65
wine,65
janiel,65
terror,65
state,65
noah,65
quotation,65
cheese,65
vine,65
dubstep,65
\xd0\x98\xd0\xb3\xd1\x80\xd1\x83\xd1\x88\xd0\xba\xd0\xb8'b'toys,65
never,65
quantumbreak,65
matches,65
facebook,65
\xd1\x81\xd1\x8e\xd1\x80\xd0\xbf\xd1\x80\xd0\xb8\xd0\xb7\xd1\x8b,65
theradbrad'b'batman,65
pascoa,65
adult,65
hand,65
catwoman,64
goofy,64
wheelies,64
wierd,64
decorating,64
especial,64
slender,64
robin,64
league,64
\xe3\x82\xa8\xe3\x83\xab\xe3\x82\xb6\xe3\x81\xae\xe4\xba\xba\xe5\xbd\xa2'b'toys,64
dont,64
arabalar2,64
ign,64
justin,64
quinn,64
bowl,64
escape,64
soulcalibur,63
double,63
relampago,63
fairy,63
thefinebros2,63
hart,63
disneyplaydoh,63
zeroes,63
wood,63
clean,63
\xd0\xba\xd0\xb8\xd0\xbd\xd0\xb4\xd0\xb5\xd1\x80,63
glass,63
yummy,63
angel,63
try,63
animado,62
sun,62
annie,62
puppies,62
stove,62
bf3,62
kmart,62
\xe3\x83\x9e\xe3\x83\x86\xe3\x83\xab,62
stanley,62
mean,62
outtakes,62
gymnast,62
olimpo,62
theradbrad'b'dead,62
ellie,62
beast,62
visceral,62
men,62
b'bratayley,62
equipment,62
collaboration,62
daylight,61
stories,61
prix,61
thefinevlog,61
decorate,61
academy,61
miley,61
universe,61
airport,61
fantasy,61
glasses,61
city/town/village,61
trouble,61
locations,61
garden,61
english,61
taste,61
titan,61
\xd1\x96\xd0\xb3\xd1\x80\xd0\xb0\xd1\x88\xd0\xba\xd0\xb8,61
poop,61
factory,61
\xe3\x83\x97\xe3\x83\xac\xe3\x82\xa4\xe3\x83\xbb\xe3\x83\x89\xe3\x83\xbc,60
alpha,60
sisters,60
siren,60
company,60
driving,60
tangled,60
walkhrough,60
rpg,60
b'minecraft,60
tree,60
trainer,60
winterspringpro,60
trampoline,60
bieber,60
hulk,60
connor,60
week'b'fifa,60
jimmy,60
rod,60
strawberry,60
vegeta777,60
lipstick,60
underwear,60
galaxy,60
steve,60
youtubekids,59
cheap,59
drinking,59
gummy,59
ways,59
eats,59
\xe3\x83\x9f\xe3\x83\x8b\xe3\x83\xbc\xe3\x83\x9e\xe3\x82\xa6\xe3\x82\xb9,59
bra,59
david,59
hollywood,59
doc,59
award,59
coffee,59
splash,59
mlp,59
kingdom,59
unicorn,59
squad,59
bed,59
mall,59
swimming,59
hasbro,58
jessie,58
gone,58
strike,58
diet,58
painting,58
bell,58
modos,58
cola,58
edward,58
mutant,58
marzia,58
parque,58
adorable,58
greyhound,57
b'the,57
design,57
aliens,57
salon,57
missions,57
'b'toys,57
joel,57
random,57
missglamorazzi,57
ocean,57
enemigos,57
snowman,57
frank,57
event,57
casas,57
hop,56
draw,56
adam,56
bright,56
korean,56
amusement,56
theradbrad'b'dying,56
trains,56
cyrus,56
guitar,56
evantuberaw,56
hotel,56
software,56
pinkie,56
plane,56
bob,56
meghan,56
guardians,56
zabawka,56
broken,56
pines,56
thermite,56
trying,56
boom,56
internet,56
office,56
shark,56
fair,55
pigs,55
vii,55
jr.,55
infected,55
steel,55
prince,55
grossman,55
lion,55
bloks,55
pork,55
scarf,55
match,55
skincare,55
haircut,55
crystal,55
vs.,55
bubbles,55
marcus,55
wdw,54
bioware,54
infantil,54
phineas,54
product,54
marriage,54
hip,54
model,54
drift,54
disneyworld,54
aventura,54
roe,54
roll,54
education,54
carros3,54
minion,54
ksiolajidebt,54
frost,54
baird,54
self,54
mold,54
cards,54
lucas,54
shrek,54
fridays,54
dennis,54
extra,53
racer,53
youth,53
swap,53
ready,53
pasos,53
chief,53
guapisimos,53
classes,53
avi\xc3\xb5es,53
twitter,53
clothing,53
rant'b'tyler,53
primera,53
items,53
spin,53
murder,53
\xe3\x81\x82\xe3\x81\x95\xe3\x81\xb2,53
candle,53
doggy,53
lights,53
goat,53
william,53
sister,53
cannon,53
creep,53
hugo,52
pong,52
penguin,52
sitcom,52
heller,52
around,52
mercer,52
empire,52
ad,52
achievement,52
plastic,52
1st,52
mutations,52
toptoys,52
hunter,52
shoey,52
sand,52
revenge,52
ascension,52
me3,52
tractor,52
drawing,52
radical,52
hannah,52
club,52
porn,52
station,52
idea,52
tea,52
deadpool,52
dracula,52
legend,52
mejores,51
'b'joey,51
chihuahua,51
next,51
trump,51
brother,51
complete,51
learn,51
vlogs,51
console,51
ellen,51
drifting,51
automobili,51
arcade,51
makeover,51
isaac,51
roady,51
rel\xc3\xa2mpago,51
softee,51
happens,51
gow,51
cats,51
photography,51
kurt,50
magiclip,50
explosion,50
bestia,50
board,50
sad,50
bethesda,50
shaundi,50
gf,50
gets,50
pesadillas,50
mmorpg,50
alcohol,50
balls,50
corner,50
bandai,50
healthy,50
epico,50
congelante,50
porca,50
selfie,50
reason,50
army,50
vidcon,50
cafe,50
sings,50
let\xe2\x80\x99s,50
porquinha,50
cold,50
police,50
ferb,50
delaghetto,50
spy,49
map,49
horse,49
treasure,49
gaga,49
gamefaq,49
lindsay,49
diego,49
divers\xc3\xa3o,49
shirt,49
gamefaqs,49
magnetic,49
playgames,49
jungle,49
sereia,49
bunny,49
cartoys,49
madison,49
tmnt,49
g\xc3\xa2teaux,49
brutalities,49
revengeance,48
xl,48
\xe3\x83\x90\xe3\x83\xb3\xe3\x83\x80\xe3\x82\xa4,48
prankster,48
countdown,48
camping,48
potato,48
terrorist,48
clarke,48
hayley,48
zinyak,48
octodad,48
orange,48
mail,48
wall,48
pick,48
underwater,48
romantic,48
muddy,48
guido,48
hydro,48
gearbox,48
coca,48
tower,48
airplanes,48
notes,48
ahead,48
actor,47
obama,47
technology,47
warner,47
village,47
rex,47
starved,47
dye,47
piano,47
cutiepie,47
dessert,47
\xe4\xba\xba\xe5\xbd\xa2,47
donuts,47
mommy,47
photos,47
shayne,47
dinner,47
know,47
boo,47
defender,47
donut,47
quiz,47
soccer,47
mike,47
haunted,47
always,47
motorized,47
eve,47
mirrors,47
slide,47
speech,47
pranksters,47
crafting,47
natal,47
language,47
sterling,47
coin,47
multilayer,46
psy,46
british,46
dungeonpack,46
dies,46
oro,46
festival,46
manhattan,46
fuze,46
retro,46
mweapons,46
cookin,46
utilitychest,46
vegas,46
alfie,46
\xc3\x9cberraschungseier,46
armormovement,46
kapkan,46
points,46
v1,46
chuck,46
biomes-o-plenty-0.6.1-1.6.2,46
four,46
band,46
tracks,46
smite,46
1.0.1,46
grace,46
partida,46
cyan_warrior_swords_mod_v.1.6.0,46
olivia,46
suits,46
mute,46
tanya,46
teeth,46
reiminimap_v3.4_01,46
tachanka,46
stuff,45
changer,45
hate,45
snake,45
valentines,45
patrol,45
cerdita,45
freddys,45
necromorphs,45
instinct,45
charlie,45
schneider,45
pisa,45
mobile,45
gatos,45
ds3,45
mcmissile,45
great,45
b'disney,45
three,45
annoy,45
dr2,45
dioses,45
breakfast,45
kitten,45
rc,45
elizabeth,45
dominique,45
dave,45
transforming,45
patrick,45
bullet,45
mw2,45
chicas,45
professional,45
eyelashes,45
asylum,44
shanedawsontv,44
maya,44
ping,44
jar,44
finding,44
coleccionables,44
eyeshadow,44
thor,44
burial,44
mountain,44
pok\xc3\xa9mon,44
boat,44
gaia,44
justine,44
spooky,44
lunch,44
bridges,44
f\xc3\xa5glar,44
theory,44
sorvete,44
'b'minecraft,44
plants,44
giveaway,44
julien,44
curse,44
e3,44
quality,44
prestige,44
burger,44
swoozie,44
layers,44
golf,44
turtles,43
photo,43
smash,43
reacting,43
chuggington,43
creature,43
wooden,43
1.3.2b_mc,43
lilo,43
preescolar,43
leak,43
watermelon,43
honey,43
aki'b'\xe3\x82\xa2\xe3\x83\xb3\xe3\x83\x91\xe3\x83\xb3\xe3\x83\x9e\xe3\x83\xb3,43
remedy,43
fox,43
ring,43
laughs,43
muppets,43
atmosmobs,43
sotc,43
\xd0\xb4\xd0\xb5\xd1\x82\xd0\xb5\xd0\xb9'b'toys,43
perry,43
vending,43
batalla,43
surgery,43
boobs,43
na,43
starbucks,43
xpbank,43
uma,43
made,43
genkibowl,43
roller,43
hambre'b'minecraft,43
chopper,43
'm,43
limited,43
raceway,43
buttons,43
microwave,43
lesbian,43
bug,43
makes,43
looking,43
species,43
gag,42
corpse,42
dos,42
mcdonald,42
autos,42
kim,42
dan,42
china,42
petbat_1.4.6,42
talents,42
caleb,42
mark,42
voice,42
danisnotonfire,42
cortana,42
revolution,42
words,42
friendship,42
trailers,42
pops,42
cover,42
age,42
1.6.8,42
lone,42
tricks'b'science,42
fishing,42
morgan,42
instagram,42
collectables,42
bitch,42
pinterest,42
franta,42
rewind,42
guerrero,42
foundation,42
joe,42
sandwich,42
sui,42
chile,42
driver,41
aiden,41
mca,41
topp,41
north,41
kissing,41
machines,41
pillow,41
stephano,41
enchantments,41
custommobspawner,41
drop,41
playlist,41
catch,41
wong,41
v3.2.0,41
pooh,41
nemesis,41
os,41
explorer,41
teacher,41
pillar,41
cakes,41
paige,41
1.11,41
flappy,41
extendable,41
lynx,41
sing,41
dr,41
ivan,41
canal,41
taverns,41
shoot,41
\xd0\xbc\xd0\xb0\xd1\x88\xd0\xb8\xd0\xbd\xd0\xba\xd0\xb8,41
ether,41
chips,41
tragicmc,41
juliet,41
butler,41
passive,41
subscribers,40
bros.,40
mutants,40
action-adventure,40
massinhas,40
glam,40
witch,40
forza,40
flo,40
remake,40
got,40
squinkies,40
glowing,40
camp,40
finale,40
tru,40
courtney,40
scaring,40
legends,40
kevin,40
fly,40
aventuras,40
polish,40
squarepants,40
picture,40
mac,40
peach,40
thewillyrex,40
stunts,40
techno,40
pictures,40
padre,40
lindseystomp,40
dogs'b'watch,40
million,39
jim,39
neith,39
cube,39
buildable,39
gore,39
foam,39
genesis,39
nemo,39
martin,39
mcdonalds,39
teenage,39
fondant,39
couples,39
toys'b'toys,39
fans,39
ipsy,39
idol,39
wheel,39
emoji,39
vegan,39
babies,39
first-person,39
album,39
plastilina,39
minifigure,39
weapon,39
falls,39
dentist,39
tumblr,39
president,39
kill,39
impression,39
constructores,39
gangnam,39
student,39
miles,39
carbide,39
camuflajes,39
fever,38
wimoweh,38
literal,38
facial,38
argentina,38
survivor,38
ward,38
chinese,38
smoking,38
give,38
getting,38
brad'b,38
br\xc3\xa9ag\xc3\xa1in,38
carpet,38
lisa,38
nether,38
ac4,38
basket,38
axton,38
piggies,38
swift,38
brittany,38
torch,38
1.1.0,38
gaige,38
philip,38
escapa,38
infusions,38
display,38
mechromancer,38
nyc,38
miller,38
reel,38
flight,38
sightseer,38
colors,38
voxophones,38
commando,38
gunzerker,38
carros2,38
literature,38
soap,38
vigors,38
im,38
valley,38
letsplay'b'pewdiepie,38
testing,38
atlus,38
paracord,38
irrational,38
salvador,38
pewpewdie,38
grimoireofgaia2,38
omg,38
videogame,38
logan,38
picnic,38
salvation,37
chemical,37
carry,37
keith,37
paw,37
clases,37
witchesandmore147,37
micro-drifters,37
fish,37
nfl,37
pepper,37
deadspace2,37
meme,37
mcstuffins,37
defranco,37
falcon,37
dice,37
theradbrad'b'heavy,37
massinha,37
floor,37
impossible,37
bacon,37
director,37
jennifer,37
theradbrad'b'saints,37
van,37
crash,37
kenway,37
calling,37
worlds,37
marie,37
capraro,37
vanilla,37
dificil,37
popin,37
origin,37
hands,37
v115,37
kracie,37
parent,37
one'b'fifa,37
homeschool,37
rubber,37
twilightforest-1.15.3,37
pants,36
autumn,36
lord,36
eyeliner,36
calibur,36
autogrotesky,36
defiende,36
webcam,36
decent,36
block,36
field,36
buddies,36
surgeon,36
battery,36
conard,36
total,36
nigahiga,36
elephant,36
spray,36
korea,36
newton,36
butt,36
revealed,36
bugs,36
celebrities,36
fred,36
eidos,36
dixon,36
fillmore,36
bags,35
snacks,35
cutscenese,35
snot,35
bondi,35
romanatwood,35
gods,35
sticks,35
nepsis,35
cups,35
markiplier,35
brincadeiras,35
modification,35
xbla,35
jedi,35
clips,35
minecrafter,35
frog,35
monkey,35
disgusting,35
virtual,35
mate,35
hood,35
android,35
side,35
piston,35
belle,35
simpsons,35
laser,35
announcement,35
secundarias,35
san,35
1.4.7,35
parable,35
resurgence,35
text,35
bernoulli,35
cars'b'disneycollectorbr,35
magical,35
phil,35
bucket,35
start,35
lamp,35
premiere,35
castlevania,35
acne,34
lia,34
extrema,34
hobbit,34
ios,34
wax,34
quantic,34
england,34
rachet,34
choco,34
seattle,34
seananners,34
andreaschoice,34
legendario,34
90s,34
captioned'b'tyler,34
decay,34
toystory,34
jill,34
sleepover,34
ps2,34
popcorn,34
shows,34
away,34
nba,34
charles,34
jodie,34
carter,34
mummy,34
peanut,34
ranger,34
\xd0\xa2\xd0\xb0\xd0\xb9\xd0\xbe,34
mighty,34
dental,34
celebration,34
soals,34
sheriff,34
dafoe,34
spoon,34
moba,34
effects,34
tay,34
paul,34
4a,34
desent,33
princesses,33
storage,33
electronics,33
cases,33
di,33
gps,33
jon,33
jam,33
oscars,33
wrap,33
youtubered'b'prank,33
3'b'infamous,33
bikes,33
lincoln,33
jillian,33
duo,33
zoella,33
conquista,33
films,33
smurfs,33
rayo,33
dj,33
pastry,33
moddb,33
telepods,33
'b'karmaland,33
irresponsible,33
medal,33
rare,33
hurt,33
chaac,33
techland,33
tin,33
xtmas,33
runes,33
orlando,33
sonic,33
incredible,33
hangoutsonair,32
tale,32
job,32
snack,32
soft,32
fortress,32
ark,32
troll,32
novedades,32
masini,32
grudge,32
messy,32
wings,32
fisher,32
jeff,32
better,32
\xc3\x9cberraschung,32
superheroes,32
jacksgap,32
\xe3\x82\xab\xe3\x83\xbc\xe3\x82\xba\xe3\x83\xbb\xe3\x83\x88\xe3\x83\x9f\xe3\x82\xab,32
caught,32
helbig,32
lemon,32
colorful,32
hangouts,32
sawyer,32
estrategia,32
caspar,32
planet,32
kardashian,32
platinum,32
beb\xc3\xaas,32
huge,32
beat,32
rings,32
13th,32
moshi,32
're,32
dinosaurios,32
fighting,32
quimera,32
psykskallar,32
hunting,32
theater,32
salt,32
arkane,32
theradbrad'b'serious,32
parte,32
jungla,32
natalie,31
apply,31
pee,31
smile,31
warfighter,31
texas,31
carrinho,31
gelo,31
francesco,31
swim,31
wizard,31
purna,31
takel,31
lassetire,31
dare,31
fuck,31
windows,31
fitness,31
dynamics,31
camion,31
lock,31
walktrough,31
going,31
robots,31
b'joey,31
screen,31
international,31
using,31
buy,31
timmy,31
farm,31
rope,31
running,31
xian,31
skywalker,31
caches,31
calcium,31
favorite,31
chip,31
gangstas,31
tinker,31
insane,31
theradbrad'b'far,31
tipping,31
scale,31
gmm,31
bulb,31
anniversary,31
jerkface,31
ohio,31
modyt,31
jugar,31
meu,31
verrassing'b'disney,31
solomita,31
softworks,31
\xd0\x9c\xd1\x8d\xd1\x82\xd1\x80,31
smoothie,31
walmart,31
mei,31
happiness,31
peter,30
ninjago,30
sable,30
bliksem,30
sydney,30
fries,30
conrad,30
gelato,30
playground,30
hills,30
horn,30
injustice,30
minio,30
zoo,30
tools,30
croft,30
outta,30
enhanced,30
wrestling,30
cartel,30
jelly,30
facecam,30
gum,30
developer,30
spice,30
minigames,30
hug,30
aunty,30
undertale,30
dukem,30
ipod,30
'b'fifa,30
tooth,30
rachel,30
closet,30
jumping,30
hungergames,30
experience,30
warframe,30
louise,30
bro,30
wow,30
paris,30
blesk,30
preschool,30
true,30
mouth,30
v1.7.2,30
cole,30
ropa,30
roth,30
legoland,30
chair,30
lara,30
timer,30
students,30
drinks,30
railway,30
spleef,30
charity,29
tombs,29
local,29
masha,29
fruit,29
recap,29
breakdown,29
scott,29
arena,29
carstoys,29
apocalipsisminecraft,29
wanted,29
court,29
pies,29
donas,29
bakery,29
mysteryguitarman,29
guerrilla,29
hanger,29
gym,29
pyramid,29
floating,29
catching,29
relics,29
male,29
knife,29
trend,29
raoul,29
sweden,29
cars-toys,29
models,29
oli,29
frame,29
senior,29
pikachu,29
wonder,29
starter,29
concert,29
alone,29
powder,29
helicopter,29
bur\xc3\xa1k,29
\xe3\x82\x81\xe3\x81\xb0\xe3\x81\x88,29
catrific,29
press,29
endurance,29
restaurant,29
rebecca,29
conseguir,29
maps,29
evolve,29
cart,29
dick,29
rapper,29
gunsmith,29
footage,29
mentos,29
shave,29
icing,29
sundae,29
adc,29
sauce,29
nurse,29
mens,29
songs,29
ship,29
comparison,29
caminh\xc3\xb5es,29
march,29
lisbug,29
luqui,29
'b'disney,29
dr.,29
luky,29
gemas,29
teaser,29
colleen,28
theradbrad'b'destiny,28
torta,28
puntuacion,28
brujas,28
gas,28
nature,28
mr.,28
bikini,28
wigetta,28
miku,28
tiger,28
hanukkah,28
cotton,28
karaoke,28
dreams,28
haha,28
apps,28
hat,28
release,28
sugg,28
make-up,28
treyarch,28
thieves,28
cinnamon,28
bread,28
deadrising,28
whats,28
coaster,28
cringe,28
spiral,28
fix,28
esponja,28
move,28
mansion,28
popsicle,28
winnie,28
judgment,28
training,28
segunda,28
tires,28
blixten,28
orbeez,28
lyric,28
lohan,28
xd,28
\xe0\xb8\x82\xe0\xb8\xad\xe0\xb8\x87\xe0\xb9\x80\xe0\xb8\xa5\xe0\xb9\x88\xe0\xb8\x99,28
weight,28
coche,28
waterfall,28
sucks,28
netflix,28
turbo,28
justice,28
cone,28
adapted,28
b'aliens,28
wet,28
rivals,28
columbus,28
combos,28
hoa'b'iisuperwomanii,28
jail,28
looks,28
trash,28
fat,28
remember,28
fuse,28
itunes,28
vinyl,28
wayne,28
totaljerkface.com,28
bosses,27
crystals,27
flames,27
des,27
fork,27
limbo,27
stacking,27
cheats,27
drill,27
intervention,27
wolverine,27
acechadores,27
toddler,27
ricky,27
matthewpatrick13,27
madness,27
ralph,27
must,27
mister,27
\xec\x9e\xa5\xeb\x82\x9c\xea\xb0\x90'b'toys,27
drama,27
acting,27
hamburger,27
\xe3\x82\xaf\xe3\x83\xa9\xe3\x82\xb7\xe3\x82\xa8,27
otr,27
sunday,27
craft,27
circus,27
\xe4\xbb\x98\xe9\x8c\xb2,27
doces,27
maron,27
jordan,27
dolci,27
snapchat,27
starling,27
joy,27
vines,27
one'b'mortal,27
shape,27
wgp,27
bonbons,27
williams,27
sport,27
katy,27
totoro,27
races,27
diamante,27
kalel,27
scribblenauts,27
polymer,27
abc,27
desserts,27
beyonce,27
glitter,27
election,27
hudson,27
tournament,27
creatures,27
tortas,27
fa\xc3\xadsca,27
toyreviews,27
means,27
flashlight,27
fbe,27
report,27
pasteles,26
zone,26
shit,26
warcraft,26
mw,26
balancing,26
waffle,26
subtitulos,26
born,26
aluminum,26
fear3,26
modeling,26
bane,26
biggest,26
cheating,26
awkward,26
whip,26
photoshop,26
petits,26
glozell,26
drugstore,26
shore,26
vito,26
cannibalism,26
removal,26
inspiration,26
t-rex,26
goku,26
feet,26
electric,26
dulce,26
uncle,26
thing,26
july,26
sexual,26
que,26
april,26
stimulus,26
postres,26
biscoitos,26
beanz,26
digital,26
ass,26
tow,26
glee,26
mama,26
kanye,26
zaini,26
suck,26
hambre'b,26
dusty,26
outside,26
pickle9000'b'theradbrad,26
graduation,26
sounds,26
e.,26
weather,26
still,26
fails,26
theradbrad'b'wolfenstein,26
theatre,26
expirement,26
cutting,26
theradbrad'b'until,26
hearts,26
foil,26
escudos,26
cave,26
plushes,26
lynet,26
lies,26
crafts,26
klip,26
b'smosh,26
gran,26
lawrence,26
sparkle,26
parks,26
sobremesas,26
bolos,26
710425319341'b'duke,26
vinylmation,26
kay,26
katniss,26
f3ar,26
bedroom,26
dirty,26
kings,26
minute,26
pr\xc3\xa9-escolar,26
elevator,26
bloques,26
cuevas,26
fett,25
\xd0\xba\xd0\xb5\xd0\xba\xd1\x81\xd1\x8b,25
tarta,25
ca,25
partidaza,25
trap,25
stream,25
melody,25
bill,25
latinoamerica,25
pasqua,25
olga,25
kratos,25
feliz,25
epica,25
huevo,25
ciambella,25
plays,25
lotso,25
cartoons,25
troye,25
trends,25
nakes,25
meat,25
freeze,25
ending'b'far,25
workplace,25
barrett,25
outdoor,25
hunters,25
kager,25
dulces,25
mirandasings,25
bride,25
po,25
nachtisch,25
busch,25
crush,25
dual,25
\xce\xa0\xce\xb1\xce\xb9\xcf\x87\xce\xbd\xce\xaf\xce\xb4\xce\xb9\xce\xb1,25
transgender,25
clone,25
olive,25
choice,25
preview,25
blogger,25
bromance,25
palace,25
trippy,25
think,25
puddles,25
\xd1\x82\xd0\xbe\xd1\x80\xd1\x82\xd1\x8b,25
tuna,25
juice,25
count,25
bizcocho,25
ransburg,25
philadelphia,25
interval,25
door,25
dump,25
jessewelle,25
bu\xc3\xb1uelo,25
cloud,25
construction,25
wtf,25
amc,25
golosina,25
zoe,25
camerena,25
s\xc3\xbc\xc3\x9figkeiten,25
b'jenna,25
singer,25
jr,25
seconds,25
sodium,25
zonday,25
horses,25
pastelitos,25
garage,25
handstand,25
disney'b'toys,25
theradbrad'b'mafia,25
coach,25
scrub,25
backwards,25
kuchen,25
bbq,25
hojaldre,25
meeting,24
'b'smosh,24
minutos,24
oddworld,24
sponge,24
boyfriends,24
xmas,24
pel\xc3\xbacia,24
yoda,24
theradbrad'b'metal,24
parlor,24
arquero,24
psychopath,24
icecream,24
flower,24
bismuth,24
sega,24
math,24
sequel,24
vakypandy,24
pixel,24
raiden,24
log,24
fatal,24
cinnamontoastken,24
schwartz,24
ciudades,24
check,24
dragones,24
evantubegaming,24
library,24
downtown,24
habilidades,24
beasts,24
orc,24
smith,24
v8,24
padlock,24
owned,24
answers,24
mind,24
tesoros,24
inc.,24
carol,24
billy,24
lords,24
cuisine,24
lake,24
mamrie,24
nicki,24
arbol,24
bisexual,24
really,24
military,24
sulley,24
vitaly,24
gameplay'b'the,24
porkepines,24
bean,24
vacuum,24
ronaldo,24
amazingphil,24
\xe3\x83\x8f\xe3\x83\xad\xe3\x83\xbc\xe3\x82\xad\xe3\x83\x86\xe3\x82\xa3,24
creacion,24
cryostasis,24
nuke,24
al,24
entretenimiento'b'the,24
chain,24
bleach,24
hit,24
hallows,24
palo,24
benny,24
snoepgoed,24
turnover,24
rosquinhas,24
pacifist,24
yetis,24
bruce,24
industries,24
funny'b,24
hockey,24
clown,24
lose,24
highlights,24
deyes,24
deserts,24
banshee,24
oreo,24
longest,23
veloso,23
brittani,23
bonecos,23
mustache,23
guppies,23
solomon,23
valve,23
\xe3\x83\x90\xe3\x83\xbc\xe3\x83\x93\xe3\x83\xbc'b'toys,23
instant,23
rob,23
\xc3\xa0,23
plus,23
colonial,23
jay,23
trek,23
convention,23
shooting,23
historial,23
rihanna,23
ju,23
wellens,23
alienigenas,23
license,23
ems,23
thoughts,23
guest,23
politics,23
deluxe,23
miss,23
career,23
cash,23
melting,23
jacob,23
assassinations,23
how-to,23
piggeh,23
chemistry,23
aperture,23
swedish,23
mermaids,23
teencom,23
accessories,23
penny,23
promethean,23
fu,23
anticipado,23
gunadi,23
tartaleta,23
emergency,23
carolina,23
servidor'b'minecraft,23
workout,23
vacapandy,23
bridge,23
low,23
kwanza,23
horizon,23
kittiesmama,23
beginners,23
turner,23
vlog'b'joey,23
highschool,23
tania,23
medical,23
terminals,23
battles,23
verdad,23
balloons,23
boutique,23
coming,23
falling,23
intel,23
yellow,23
shades,23
name,23
plasytation,23
accident,23
minaj,23
80s,23
keyboard,23
deal,23
pastelaria,23
empanada,23
penis,23
stadium,23
private,23
tique,23
comments,23
hospital,23
search,23
lighter,23
research,23
vinegar,23
bucs\xc4\x83,23
h4,23
ferrofluid,23
neighbor,23
philly,23
asian,23
demon,23
sub,23
role-playing,23
acceso,23
grundy,23
vsauce3,23
fold,23
expo,23
charger,23
piper,23
safety,23
gameplay'b,23
dailygrace,23
vlogg,23
hungry,23
panic,23
carla,23
victoria,23
defy,23
olympics,23
commercials,23
clubbing,23
embarrassing,23
b\xc3\xa4rgarns,22
clock,22
b'trials,22
tip,22
large,22
aom,22
dontnod,22
vegetarian,22
opinions,22
exploding,22
magnets,22
neverland,22
vsauce,22
rant'b'tyleroakley,22
chomposaurus,22
madagascar,22
massage,22
cops,22
colombia,22
shay,22
lashes,22
meninas,22
beam,22
hide,22
goes,22
prison,22
\xe3\x82\xad\xe3\x83\x83\xe3\x82\xba,22
joyal,22
nascar,22
swing,22
suitcase,22
lemons,22
husband,22
leia,22
youtube'b'the,22
levels,22
mascotas,22
firefly,22
vive,22
kitz,22
bujdy,22
laughter,22
dressed,22
oven,22
harlem,22
nice,22
hacks'b'crazy,22
pueblos,22
surf,22
grandpa,22
shaytards,22
jenner,22
cam,22
podcast,22
ovo,22
killcam,22
pc'b'dead,22
wish,22
consumer,22
spirit,22
wishlist,22
tan,22
toby,22
picaro,22
rana,22
exercise,22
dunk,22
omegle,22
rapping,22
goal,22
sword,22
corporation,22
lucha,22
doughnut,22
hobby,22
killer,22
adande,22
suit,22
hillary,22
essentials,22
clinton,22
roge,22
pen,22
possession,22
lmor,22
museum,22
hartman,22
foot,22
gothic,22
pride,22
frictional,22
d23,22
sit,22
beignets,22
nilin,22
pressens,22
sorpresa'b'toys,22
kylie,22
suzutani,22
system,22
dillon,22
marines,22
moves,22
bo2,22
punk,22
touch,22
manga,22
usa,22
z\xc5\x82omek,22
rice,22
fart,21
pc'b'elder,21
trisha,21
mre,21
exmortis,21
point,21
reach,21
killbane,21
ranch,21
copperhead,21
come,21
gymnasts,21
drzharks,21
plauge,21
momentos,21
prenseslerinin'b'toys,21
whistle,21
cleaning,21
mars,21
agents,21
jessica,21
control,21
barack,21
geeks,21
letter,21
hicks,21
theradbrad'b'elder,21
crank,21
requiem,21
outfits,21
le,21
texting,21
cooperative,21
filming,21
boneco,21
pre,21
nilsen,21
straw,21
journey,21
firetruckin,21
v4.5.1,21
shiva,21
ben,21
hambre'b'planeta,21
breach,21
pacer,21
caramel,21
see,21
twins,21
welcome,21
deathstroke,21
higa,21
britney,21
mountains,21
bullying,21
return,21
coins,21
deception,21
wash,21
sushi,21
personality,21
orcos,21
elfos,21
fireworks,21
filter,21
tim,21
guru,21
pete,21
brows,21
autocarro,21
'n,21
thinking,21
accion,21
rust-eze,21
theradbrad'b'mortal,21
wrecking,21
takefiveaday,21
madden,21
florida,21
deadshot,21
sculpey,21
awakens,21
batracios,21
daughter,21
married,21
thq,21
psychosoprano,21
turn,21
tech,21
fanfiction,21
aladdin,21
ovetti,21
half-life,21
humble,21
crayola,21
bells,21
riding,21
peek,21
chell,21
co-op,21
apocalypse,21
universal,21
burn,21
coffret,21
audible,21
morenstein,21
brain,21
electrocutioner,21
extrabiomesxl-universal-1.4.7-3.9.0,21
wingo,21
liner,21
k-pop,21
sivan,21
holasoygerman,21
amigos,21
glados,20
tattoo,20
pic,20
dory,20
wife,20
ssassin,20
waterproof,20
application,20
small,20
flavors,20
transformation,20
thunder,20
hole,20
buzzfeed,20
initiative,20
ge,20
study,20
\xd0\xb4\xd0\xb5\xd1\x81\xd0\xb5\xd1\x80\xd1\x82\xd1\x8b,20
glitch,20
casey,20
mala,20
chocobo'b'minecraft,20
cutscene,20
modelar,20
igrushki,20
weekend,20
suicide,20
dibujos,20
acoustic,20
slips,20
b'playthrough,20
murphy,20
bloody,20
objetos,20
reino,20
tricks'b'crazy,20
psp,20
friends'b'bratayley,20
\xd0\xa2\xd0\xb0\xd1\x87\xd0\xba\xd0\xb8,20
octopus,20
boost,20
glue,20
htc,20
split,20
sarge,20
bathtime,20
\xce\xb5\xcf\x80\xce\xb9\xce\xb4\xcf\x8c\xcf\x81\xcf\x80\xce\xb9\xce\xb1,20
1080p,20
slap,20
float,20
skating,20
noms,20
pudding,20
/w,20
acid,20
pointlessblog,20
photoshoot,20
b'planeta,20
ballet,20
gingerbread,20
want,20
ornaments,20
sxephil,20
finger,20
pringles,20
tequila,20
comentario,20
plasma,20
jingle,20
talent,20
pocket,20
cars'b'toys,20
slip,20
ruining,20
undead,20
steam'b'apocalipsisminecraft,20
ballinger,20
blockbuster,20
supplies,20
poup\xc3\xa9e'b'toys,20
caroule,20
transporter,20
watches,20
recording,20
brave,20
pickup,20
chat,20
smooth,20
wheatley,20
infamy,20
shock,20
pickle9000'b'modern,20
portal2,20
burning,20
sierra,20
raid,20
sourcefed,20
theradbrad'b'call,20
moko,20
sup3rfruit,20
grocery,20
batgirl,20
dallas,20
legendarios,20
lasseter,20
tobuscus,20
championship,20
lessons,20
cop,20
greg,20
frenchie,20
abzu,20
cereal,20
monstro,20
primer,20
crying,20
hard,20
episodes,20
brow,20
loop,20
australia,20
hoodie,20
investigation,20
states,20
redemption,20
bureau,19
ep,19
smartphone,19
2.0,19
based,19
dinosaurs,19
boxes,19
w\xc3\xa1nj\xc3\xb9,19
kittens,19
fairies,19
reindeer,19
espadas,19
giants,19
taught,19
liam,19
hour,19
videojuego,19
toywiz,19
ctfxc,19
play4,19
acer,19
robert,19
treatment,19
nose,19
ubisoft'b'the,19
twin,19
'b'bratayley,19
della,19
porco,19
jolie,19
merida,19
tayo,19
youtube'b'apocalipsisminecraft,19
vitalyzdtv,19
marshmallow,19
physics,19
bichinhos,19
workshop,19
alice,19
gen,19
katherine,19
oz,19
fighter,19
launch,19
bears,19
ten,19
punch,19
service,19
runner,19
beard,19
grass,19
mothers,19
toysrus.com,19
olympic,19
marcusbutlertv,19
headset,19
photobooth,19
anewhopeee,19
missing,19
stone,19
ianh,19
dp,19
jones,19
materiales,19
leaf,19
johnny,19
nieve,19
debate,19
sneak,19
federal,19
1'b'fallout,19
one'b'middle,19
winner,19
deathly,19
twerk,19
stealth,19
hawaii,19
goodbye,19
crust,19
mylifeaseva,19
dragster,19
mago,19
density,19
amor,19
fairytale,19
zonaminecraft2,19
rabbit,19
yandere,19
pom,19
yogurt,19
steelbook,19
studio,19
p\xc3\xa2te,19
cueva,19
lizzie,19
memories,19
matt,19
lime,19
living,19
sparklez,19
milestone,19
period,19
shaving,19
hotwheels,18
breakup,18
bay,18
spain,18
kpop,18
viaje,18
park'b'south,18
grow,18
arco,18
turtle,18
blutoys,18
predator,18
nyan,18
peeta,18
names,18
matar,18
tron,18
emma,18
saint,18
bang,18
gomez,18
find,18
center,18
scp,18
river,18
enrolados,18
entire,18
learning,18
lukeconard,18
apartment,18
prey,18
ojitos,18
daisy,18
douglass,18
reactthefinebros,18
junction,18
confidence,18
production,18
elf,18
laundry,18
boiled,18
hope,18
wifi,18
fights,18
ramp,18
play'b'pewdiepie,18
doo,18
lines,18
fawn,18
der,18
ps4'b'battlefield,18
modeler,18
erb,18
pt,18
fastest,18
mockingjay,18
sweater,18
cruikshank,18
october,18
tony,18
assignment,18
rig,18
bundle,18
killing,18
remote,18
theradbrad'b'watch,18
uk,18
skate,18
poderes,18
mildly,18
bo,18
save,18
whipped,18
acto,18
pineapple,18
tiny,18
wolf'b'joey,18
keep,18
salad,18
persona,18
topolino,18
freezing,18
builders,18
assassins,18
teddy,18
recensione,18
motor,18
walls,18
rio,18
alter,18
late,18
stock,18
bathtub,18
energy,18
ender,18
haters,18
place,18
competicion,18
fountain,18
hiking,18
mitch,18
batmobile,18
together,18
cruise,18
pan,18
ponies,18
ceo,18
vlogbrothers,18
ao,18
racist,18
prime,18
theradbrad'b'gears,18
presidente,18
client,18
radio,18
2kgames,18
lookbook,18
nuevos,18
tricks'b,18
stomp,17
indoor,17
graceffa'b'joey,17
rank,17
highlight,17
list,17
guardian,17
tourist,17
another,17
medicine,17
sailor,17
formula,17
leg,17
scooby,17
laura,17
oni,17
much,17
whittle,17
nugget,17
fools,17
dadliest,17
dairy,17
rick,17
rather,17
waffles,17
dumb,17
freak,17
shanedawson,17
queer,17
chupa,17
shaycarl,17
desert,17
ultron,17
market,17
riplash,17
kate,17
flavor,17
subscription'b'pewdiepie,17
h5,17
gel,17
pepperoni,17
containment,17
cowboy,17
heels,17
pequeno,17
mas,17
bands,17
beyong,17
b'tyler,17
copper,17
tasting,17
turkey,17
apples,17
bouncy,17
penumbra,17
bella,17
et,17
problems,17
mason,17
faces,17
crafteo,17
petit,17
works,17
nunca,17
carving,17
motorsport,17
nasty,17
memes,17
similar,17
crane,17
theradbrad'b'twisted,17
darndest,17
montana,17
remasterizado,17
cara,17
brush,17
stocking,17
ttt,17
b'dead,17
mascara,17
officer,17
jango,17
reunion,17
masks,17
\xe3\x81\x82\xe3\x81\x8d\xe3\x82\x89'b'\xe3\x82\xa2\xe3\x83\xb3\xe3\x83\x91\xe3\x83\xb3\xe3\x83\x9e\xe3\x83\xb3,17
security,17
pizzeria,17
spears,17
ksi'b'fifa,17
hydrogen,17
minimap,17
angelina,17
sprinkles,17
guinea,17
homeless,17
car-toys,17
austin,17
arrow,17
comic-con,17
plsystation4,17
yo,17
shu,17
willy,17
blow,17
altoids,17
throwback,17
fashems,17
educational,17
tuners,17
theradbrad'b'evil,17
paintball,17
ufc,17
young,17
purse,17
princesita,17
climbing,17
jazzpunk,17
creator,17
furuta,17
grande,17
diecasts,17
alloy'b'joey,17
noodle,17
outdoors,17
presentes,17
daryl,17
f\xc3\xa5glar'b'angry,17
sketches,17
sophia,17
visual,17
amber,17
kick,17
twerking,17
bayonetta,17
fanmail,17
skull,16
musicales,16
pequena,16
jeans,16
chimera,16
shield,16
crime,16
weekly,16
\xe3\x83\x99\xe3\x83\x93\xe3\x83\xbc\xe3\x83\x96\xe3\x83\x83\xe3\x82\xaf,16
ofertas,16
canada,16
edgy,16
wire,16
smoothies,16
daddytube,16
decoration,16
cable,16
autonaut,16
smoky,16
spicy,16
national,16
cena,16
mankanebi,16
c6,16
evolved,16
anime/manga,16
dimension,16
impresiones,16
reis,16
girlfriends,16
condom,16
thru,16
diamond,16
camapa\xc3\xb1a,16
cow,16
b'theradbrad,16
pon,16
merle,16
furtado,16
kardashians,16
webb,16
chlorine,16
k-day,16
grassi,16
tigger,16
lightsaber,16
conference,16
deadly,16
seductive,16
corn,16
clever,16
tactical,16
returns,16
han,16
matpat,16
3.7.0,16
rally,16
selena,16
slenderman,16
kabuto,16
jonah,16
youtube'b,16
alquimia,16
chicks,16
disease,16
follow,16
damn,16
review'b'disney,16
supernote,16
b'disneycollectorbr,16
booth,16
funeral,16
martz,16
steven,16
lele,16
fry,16
bhangra,16
motivation,16
views,16
champion,16
francisco,16
bored,16
dryer,16
lil,16
velvet,16
drivers,16
wikia,16
luzugames,16
terminal,16
nude,16
candles,16
livestreaming,16
chubby,16
grenade,16
labs,16
bollywood,16
dramatic,16
landing,16
frosted,16
byrne,16
rotten,16
kristoff,16
loader,16
encantamientos,16
winning,16
hombre,16
rafi,16
tricks'b'how,16
generation,16
crytek,16
drugs,16
rights,16
ksiolajidebt'b'fifa,16
robo,16
yelp,16
register,16
maul,16
modcreatures,16
w/,16
specials,16
pons,16
asesino,16
garmendia,16
read,16
piratas,16
jefes,16
airline,16
breed,16
county,16
russia,16
bling,16
b'crazy,16
gardening,16
inglish,16
everything,16
3.6.1,16
plasticine,16
agua,16
tactics,16
productions,16
gentleman,16
noel,16
caribbean,16
woods,16
icon,16
lb,16
holley,16
dawson'b'joey,16
emily,16
para,16
1.4.6,16
ash,16
cheesecake,16
ds,16
hoying,16
shotgun,16
warrior,16
glamorous,16
jade,16
smoshgames,16
avocado,16
curl,16
ridemakerz,16
hacks'b'taras,16
cartone,16
rides,16
magnet,16
masquerade,16
hawaiian,16
beef,15
chups,15
fault,15
reine,15
eagle,15
petite,15
hall,15
disco,15
cutest,15
addiction,15
cross,15
organism,15
auguest,15
knex,15
freestyle,15
tanning,15
saga,15
dientes,15
duelo,15
claire,15
pedalski,15
h1z1,15
homosexual,15
netherrealm,15
miner,15
\xe3\x81\x97\xe3\x81\xbe\xe3\x81\x98\xe3\x82\x8d\xe3\x81\x86,15
morbus,15
swoozie06,15
connorfranta,15
launchers,15
sinestro,15
doomsday,15
vision,15
theradbrad'b'lollipop,15
todoroki,15
pole,15
whisper,15
taco,15
embarassing,15
citizens,15
asapscience,15
raam,15
idina,15
katie,15
tonight,15
bars,15
reptile,15
sorveteria,15
wager,15
jasper,15
ps4'b'call,15
richard,15
bishock,15
wwe,15
understand,15
kday,15
t-shirt,15
forward,15
guard,15
fifty,15
blogers,15
desk,15
dentista,15
roast,15
servidor'b,15
peanuts,15
phones,15
crown,15
bold,15
ginger,15
doutora,15
safe,15
asia,15
post,15
wilson,15
resolution,15
bart,15
matte,15
ariana,15
haulers,15
juon,15
dipped,15
mcquen,15
dudesons,15
mary,15
neiges,15
beans,15
hippie,15
supermarket,15
leget\xc3\xb8j,15
ritual,15
cermet,15
bethany,15
gummi,15
vlogers,15
section,15
condemned,15
rangers,15
react'b,15
ghoul,15
elementals,15
boozled,15
bee,15
mia,15
extended,15
clubs,15
quarter,15
\xe3\x82\xa2\xe3\x83\xb3\xe3\x83\x91\xe3\x83\xb3\xe3\x83\x9e\xe3\x83\xb3,15
potty,15
elvis,15
condmned,15
ripper,15
jewelry,15
whole,15
size,15
hey,15
simpson,15
seth,15
menzel,15
anti,15
grugde,15
collar,15
fouseytube,15
freaks,15
profesional,15
superflat,15
rider,15
use,15
coachella,15
chima,15
starting,15
diente,15
penguins,15
bike,15
directors,15
saturday,15
painter,15
abe,15
panel,15
chamber,15
wisdom,15
cole\xc3\xa7\xc3\xa3o,15
skeleton,15
propwash,15
basics,15
general,15
access,15
traveling,15
'b'apocalipsisminecraft,15
wool,15
comes,15
graham,15
voorhees,15
theradbrad'b'sniper,15
optimus,15
messi,15
wacky,15
archery,15
kristen,15
joeys,15
shanghai,15
mamuts,15
braid,15
greatest,15
pratt,15
wildlands,15
lily,15
disneytoon,15
duct,15
nuts,15
dispenser,15
informacion,15
engagement,15
positive,15
ken,15
'b'aliens,15
well,15
tormentor,15
\xe3\x83\x94\xe3\x82\xb9\xe3\x83\x88\xe3\x83\xb3\xe3\x82\xab\xe3\x83\x83\xe3\x83\x97'b'toys,15
markplaier,15
tire,14
thank,14
pond,14
pregnant,14
destination,14
mexican,14
entretenimiento'b'karmaland,14
doofenshmirtz,14
ups,14
wongfuproductions,14
jenga,14
manuscript,14
taquito,14
fallon,14
toys'b,14
alexby,14
stevie,14
brothers'b'kids,14
techniques,14
charizard,14
jessewell,14
burr,14
classification,14
aquaman,14
cure,14
sets,14
vehicle,14
noob,14
claw,14
\xe3\x83\x87\xe3\x82\xb6\xe3\x83\xbc\xe3\x83\x88,14
bounce,14
carve,14
pi,14
bass,14
corridor,14
sirena,14
everyone,14
cozart,14
sandy,14
november,14
tots,14
range,14
saved,14
farting,14
fiesta,14
bouncing,14
domesticar,14
das,14
ultra,14
medieval,14
collectible,14
cherry,14
blocos,14
attached,14
p\xc3\xa4rt,14
stand,14
pilot,14
handstands,14
dealing,14
skateboard,14
plastiline,14
brazilian,14
p\xc3\xb4nei,14
irritating,14
incredibles,14
discussion,14
slingshot,14
price,14
bit,14
surviors,14
trolling,14
dash,14
alexandria,14
virgin,14
akira,14
lyrics,14
gymnastics'b'bratayley,14
canon,14
shirtless,14
binder,14
profession,14
concealer,14
arvo,14
tub,14
garron,14
stuffed,14
shady,14
stuck,14
mcqueen'b'disneycollectorbr,14
xbox360'b'saints,14
spanish,14
poseidon,14
zebra,14
megan,14
crossing,14
gravity,14
whitney,14
association,14
sheen,14
peace,14
arclight,14
pororo,14
harto,14
key,14
pot,14
wassabiproductions,14
helados,14
classroom,14
dough'b'toys,14
aircraft,14
animados,14
cheat,14
hike,14
cries,14
trine,14
padilla'b'smosh,14
europe,14
survive,14
manic,14
dresses,14
psylocke,14
carrying,14
proof,14
gary,14
rant'b,14
arms,14
shoe,14
cage,14
vet,14
flavored,14
flawless,14
skipper,14
domino,14
pomegranate,14
gremlin,14
overfill,14
number,14
2'b'disney,14
hansel,14
korey,14
psa,14
sarah,14
b'iisuperwomanii,14
wakes,14
num,14
fill,14
vida,14
damson,14
screams,14
organic,14
hedgehog,14
warm,14
modellera,14
france,14
ghouls,14
slut,14
sinister,14
ed,14
josh,14
itsgrace,14
jobs,14
b'far,14
matthew,14
cyan_warrior_swords,14
tool,14
yoga,14
pluto,14
peroxide,14
xenoverse,14
levitation,14
records,14
cooler,14
largest,14
luchadores,14
musica,14
singapore,14
zylie,14
rehab,14
cant,14
blindfold,14
psycho,14
vertigo,14
bolts,14
unwrapping,14
meetup,14
1d,14
p\xc3\xb3nei,14
4th,14
bull,14
principessa,13
january,13
camino,13
pretend,13
carstoon,13
comedia,13
alexander,13
watson,13
mariokart,13
game'b,13
amazon,13
cooking/food,13
putty,13
stickers,13
flynn,13
lemonade,13
lalaloopsy,13
life'b'joey,13
brick,13
hoop,13
locomotive,13
crytec,13
tuber,13
dancer,13
fuego,13
k'nex,13
community,13
message,13
samsung,13
bowling,13
stephanos,13
fnaf,13
todd,13
working,13
mota,13
fuzzy,13
gretel,13
disneypixar,13
1/2,13
stranded,13
found,13
tippin,13
tycoon,13
midnight,13
hatsune,13
bahamas,13
potassium,13
howell,13
pencil,13
destruction,13
pc'b'saints,13
\xd0\x90\xd1\x83\xd1\x82\xd0\xbe\xd0\xbc\xd0\xbe\xd0\xb1\xd0\xb8\xd0\xbb\xd0\xb8,13
bryant,13
fancy,13
nightmares,13
wreck,13
shifter,13
molly,13
flips,13
cousins,13
manly,13
timothydelaghetto,13
una,13
paytas,13
targaryen,13
mirandasings08,13
root,13
starve,13
ylvis,13
germany,13
cami\xc3\xb3n,13
stuart,13
motel,13
dreamworks,13
profile,13
chug,13
feel,13
mikey,13
sorcerer,13
tornado,13
andrew,13
practice,13
pin,13
brofist,13
demonstration,13
garbage,13
coop,13
nation,13
firewood,13
acuatica,13
haves,13
raspberry,13
manchester,13
helium,13
lying,13
kids'b'bratayley,13
neodymium,13
unique,13
trees,13
donkey,13
chilenos,13
mini-cars,13
dots,13
copa,13
blower,13
trickshots,13
lewis,13
mint,13
edm,13
5th,13
gadget,13
flat,13
chapman,13
ho,13
scooter,13
shoppe,13
aooni,13
worm,13
eden,13
serial,13
selfies,13
fuel,13
maters,13
almond,13
shout,13
wassabi,13
carly,13
guess,13
kelly,13
excited,13
bichinho,13
mash'ems,13
knows,13
avions,13
twenty,13
\xe3\x82\xbb\xe3\x82\xac\xe3\x83\x88\xe3\x82\xa4\xe3\x82\xba,13
cuqui,13
youdeserveadrink,13
primeras,13
bkb,13
discovery,13
lover,13
honest,13
genie,13
disaster,13
mortar,13
multi,13
decker,13
ds2,13
avatar,13
tia,13
nom,13
circuit,13
toizu,13
sheep,13
raw,13
shorts,13
monica,13
huskystarcraft,13
birth,13
proposal,13
hornet,13
ny,13
vintage,13
tell,13
rollercoaster,13
dom,13
arendelle,13
create,13
bystaxx,13
cork,13
aid,13
string,13
theradbrad'b'fallout,13
carmesi,13
tail,13
fridge,13
landmarks,13
mommytube,13
flame,13
supernatural,13
cheeseburger,13
construcci\xc3\xb3n,13
coco,13
colores,13
dub,13
rapid,13
cheer,13
impound,13
flags,13
word,13
equipe,13
experiment'b'crazy,13
different,13
heat,13
temple,13
lifeline,13
b'build,13
piece,13
plasticina,13
2'b,12
scar,12
brushes,12
myharto,12
dragons,12
sluts,12
eyebrow,12
scooby-doo,12
axlerod,12
cookbook,12
dungeon,12
chester,12
yoshi,12
skateboarding,12
ridiculous,12
litter,12
watchusliveandstuff,12
homework,12
features,12
audition,12
hermione,12
throw,12
fin,12
composition,12
schnell,12
catie,12
\xd0\xa1\xd0\xb2\xd0\xb8\xd0\xbd\xd0\xba\xd0\xb0,12
crayon,12
l.a.,12
funny'b'letsplay,12
oh,12
wig,12
psychic,12
collector'b'toys,12
mkxl,12
inspirational,12
barstool,12
hogs,12
querido,12
wutz,12
hi,12
gameboy,12
automobile,12
promotion,12
pals,12
bluray,12
response,12
ihascupquake,12
nesting,12
reborn,12
tech4kids,12
everdeen,12
loom,12
starburst,12
literary,12
hamilton,12
uplay,12
jogos,12
criss,12
'b'the,12
brawl,12
wizards,12
2'b'toys,12
